7.73946,6.45336,8.06621,A
6.37922,9.06165,9.00278,A
6.39757,7.97498,6.07553,A
5.01255,8.21979,8.39099,A
7.11923,7.41241,7.54738,A
7.23833,7.70539,7.26596,A
6.8625,7.90476,8.72384,A
6.92222,6.26219,8.44649,A
7.1726,6.4006,7.88306,A
7.0641,6.82968,8.4587,A
6.5758,7.84776,8.44081,A
5.02273,8.07548,7.92359,A
6.38631,8.08802,6.53004,A
6.7886,8.01327,8.33247,A
7.16437,6.65145,6.72686,A
6.70753,8.27376,9.34117,A
6.26268,5.97117,9.00096,A
6.88011,7.71852,8.63224,A
5.89232,8.08033,8.92489,A
6.46497,7.0073,9.73316,A
6.37874,7.86582,8.27537,A
6.73218,7.48292,9.70489,A
5.94247,7.54475,7.36564,A
6.38591,5.75129,7.3625,A
6.46749,6.61894,6.07109,A
7.37765,8.09272,7.4516,A
6.26216,10.2809,8.40231,A
6.28021,6.92782,7.90814,A
6.28525,6.89132,6.79211,A
6.95126,6.31851,9.65546,A
6.89308,8.1315,8.99776,A
6.57754,7.6371,6.68878,A
6.32164,5.9631,7.69025,A
5.33984,6.86137,8.73639,A
6.33102,7.63289,8.53972,A
4.93058,8.30291,8.21217,A
7.25334,7.2097,6.83087,A
7.32569,6.71966,7.95232,A
5.77877,7.13087,7.86551,A
7.51367,7.62658,8.19016,A
6.87688,7.41188,7.3558,A
6.5059,7.8248,6.96634,A
6.7089,8.30579,7.24875,A
7.76441,7.29706,7.96452,A
6.23762,7.76315,8.11523,A
6.02738,7.95738,8.99278,A
6.93846,6.62979,8.28964,A
6.16132,8.86566,8.36831,A
5.67773,8.20273,6.94369,A
6.4051,7.3924,8.90027,A
5.74382,6.00253,9.97367,A
6.79896,7.94798,9.01597,A
5.95191,6.9557,7.6943,A
6.51132,5.59535,7.98603,A
6.32152,6.17355,7.91214,A
4.99624,9.88883,6.99035,A
6.84216,8.13583,10.0881,A
6.35916,8.73989,8.6001,A
7.58606,6.73389,5.89041,A
5.90123,7.90392,6.88406,A
6.35389,7.81666,5.28168,A
5.46337,8.49411,6.5088,A
7.22679,5.65862,9.75671,A
6.48922,7.70841,9.36883,A
6.62523,6.09585,7.75858,A
5.02649,9.08739,6.87526,A
5.88042,8.57293,7.13551,A
5.22402,8.49655,9.82316,A
6.08783,9.21474,7.88383,A
6.09363,6.68142,8.30521,A
6.26895,8.14524,7.57693,A
6.77707,6.33713,8.62926,A
5.97558,8.36937,8.94765,A
6.80235,7.66638,6.12442,A
3.80997,9.23752,9.98002,A
7.08887,7.83816,7.30807,A
7.65945,8.41283,6.27223,A
8.41066,6.02777,8.38089,A
5.78621,7.93978,9.22185,A
6.48249,8.3182,6.17877,A
6.42001,8.31011,10.1747,A
7.42065,8.15457,8.41668,A
6.43817,6.56488,6.0962,A
6.47576,6.6666,7.30586,A
7.19076,6.87041,8.11986,A
7.66391,6.47366,7.72773,A
5.78689,6.85635,8.56869,A
5.07516,9.50602,7.5439,A
6.09596,5.9853,7.69458,A
6.91643,8.01441,7.6057,A
7.16828,7.90768,6.67517,A
7.92951,6.25626,7.03961,A
7.59241,6.18635,8.19097,A
6.29009,7.40058,6.69796,A
5.43318,7.71559,7.94642,A
5.48263,6.58524,9.3375,A
6.61853,5.99237,7.92731,A
5.7397,8.04352,8.85578,A
6.80756,6.78282,8.8915,A
6.303,7.05021,6.58127,A
6.19646,9.28593,7.94193,A
6.34625,6.0446,9.08103,A
6.03841,8.23858,6.76884,A
6.49975,6.44031,8.58229,A
6.93915,6.9356,8.17597,A
5.91405,8.15659,7.3754,A
6.67206,8.21998,9.86788,A
7.66513,7.23472,8.45261,A
6.21087,7.29832,7.43187,A
6.66334,7.75451,8.22573,A
6.47974,7.73487,5.32059,A
5.45363,6.48646,9.92595,A
6.89526,7.77099,9.56523,A
6.45058,7.84771,10.4107,A
6.84453,8.77512,6.37183,A
6.09205,8.2444,6.53771,A
6.11585,8.29891,8.15483,A
5.3531,8.0986,11.3463,A
5.56833,8.46294,8.51832,A
6.92701,8.16089,6.12103,A
6.28526,8.17571,6.47294,A
6.75056,7.60772,6.67575,A
7.02714,6.9976,8.84234,A
5.22506,8.94625,8.82447,A
6.61243,8.20009,6.79726,A
6.29586,9.84223,6.55031,A
6.67038,8.53312,6.60847,A
8.26748,6.71868,7.4935,A
7.59963,7.82257,5.99663,A
7.24216,6.28882,6.23008,A
7.13226,8.16382,6.47979,A
6.44497,6.95482,7.86905,A
6.82913,6.55502,8.44163,A
7.32465,7.2839,8.73808,A
5.88197,6.8696,8.47064,A
6.94708,8.51408,8.98256,A
5.82179,7.49679,7.81499,A
6.56952,5.31804,9.19618,A
5.71176,9.1649,8.72219,A
6.72061,6.81363,6.07083,A
6.67639,7.19595,11.0089,A
7.38567,7.74801,8.86518,A
6.24504,7.98932,8.33183,A
6.0327,8.01968,8.38524,A
6.89187,7.20988,6.26257,A
5.53751,9.65108,9.82775,A
6.43452,7.57264,7.7185,A
5.71185,7.98377,7.9439,A
7.15676,8.43529,7.45807,A
6.94392,6.85998,7.38227,A
5.26568,9.02528,8.24716,A
7.43558,7.52019,8.96632,A
5.78993,7.4745,7.72771,A
4.97156,7.60886,9.11143,A
6.90163,8.05736,8.21825,A
6.49672,8.07075,10.4299,A
7.41828,7.40547,6.59376,A
6.58498,8.62203,8.69976,A
5.13626,6.57474,10.6841,A
6.72787,7.93689,8.50063,A
7.58721,6.55683,10.5837,A
7.08844,8.18091,8.3001,A
6.93129,5.69134,7.20487,A
6.7421,7.77309,8.05442,A
7.53869,6.59531,8.58874,A
8.27969,6.61414,7.9808,A
6.06924,7.5375,8.36829,A
6.27772,6.30626,9.79608,A
5.70059,8.21388,6.55605,A
6.62396,8.38328,10.4866,A
6.18577,6.96276,7.52201,A
6.60375,7.42912,10.2439,A
6.47444,7.11595,6.83674,A
6.13812,7.51159,7.17343,A
5.76133,6.27428,8.33492,A
6.45512,8.10261,5.96194,A
6.12285,7.09863,8.51133,A
7.46535,6.97056,8.57517,A
6.37029,6.36332,7.11407,A
5.61008,7.11574,8.39405,A
5.73606,6.90205,8.48809,A
6.96386,7.6735,9.49652,A
5.17521,9.07933,8.41305,A
7.76432,7.81665,6.45608,A
4.65771,7.85139,9.89767,A
7.59971,7.92814,7.73213,A
6.70326,8.7544,8.34311,A
6.65644,7.70137,8.22624,A
5.92037,7.24681,7.48742,A
6.53053,7.80926,8.75538,A
6.2443,6.65683,8.09301,A
6.78866,5.4917,9.80088,A
6.25568,6.91932,8.78174,A
7.4318,7.72422,7.34565,A
6.57198,6.37057,8.85678,A
5.99683,7.47179,6.35088,A
6.602,7.29143,7.39378,A
7.61985,5.03266,8.34643,A
7.5233,4.88519,7.63883,A
5.54092,8.36849,8.38449,A
6.12437,9.16239,9.69381,A
6.88262,8.35887,7.49202,A
5.51284,9.66679,7.08819,A
6.45241,8.45886,8.65839,A
6.05741,7.57519,8.555,A
7.35538,6.94323,7.88372,A
6.30326,5.85491,8.42882,A
5.25442,7.56377,8.52568,A
5.86014,5.74895,9.24601,A
7.56866,6.41796,7.58127,A
6.43093,8.25237,7.2949,A
5.67554,7.23931,7.83059,A
6.59906,6.65065,5.81144,A
6.43351,8.05343,7.91873,A
6.68329,8.89035,8.97383,A
7.13795,8.35863,8.03895,A
6.72682,6.97059,6.64503,A
7.94424,6.20207,6.68005,A
5.85172,7.34905,7.43138,A
7.93068,6.93051,7.76684,A
5.40402,8.51916,6.58028,A
6.74435,8.63347,10.0279,A
5.54897,8.92731,7.81915,A
7.02548,7.2789,7.41932,A
6.60201,7.79789,9.39226,A
6.21817,6.8873,8.29514,A
4.86775,7.79152,9.36462,A
5.70326,7.06709,7.77681,A
6.82956,7.33098,8.39482,A
6.84696,8.84566,8.6425,A
7.85208,7.13679,7.82379,A
7.85552,4.74964,6.46745,A
6.27642,7.72996,8.73217,A
6.29471,7.32143,8.9191,A
5.69986,8.14572,8.37196,A
6.71676,8.53874,8.60155,A
5.44958,7.46113,8.50313,A
7.38318,6.09693,6.6002,A
5.76166,7.68904,8.86981,A
7.53075,7.18417,9.63432,A
5.99262,7.31954,6.58339,A
6.53151,6.57348,7.49454,A
6.8026,8.9302,9.15204,A
6.47252,10.0728,7.66083,A
6.03382,8.8215,6.28059,A
6.36967,7.62413,8.03014,A
6.50917,8.36388,6.83741,A
7.23366,7.34448,6.28582,A
5.83625,7.75845,6.67599,A
7.80178,6.29157,6.40373,A
6.13095,7.91982,7.93459,A
6.27863,7.92635,6.32401,A
6.5931,6.67993,8.5097,A
7.31112,6.7709,8.51165,A
6.85038,7.45448,6.55781,A
6.62154,7.34054,8.43485,A
5.92842,8.35667,5.90643,A
7.50331,8.08834,6.7476,A
6.48213,7.23302,8.70038,A
5.93413,7.80345,5.50836,A
7.06002,8.60703,7.68073,A
6.55743,8.10484,7.76265,A
7.26291,8.10298,7.76183,A
6.23822,8.00031,7.04229,A
6.7331,6.86144,9.65686,A
7.35062,8.06568,7.63722,A
7.25418,8.20444,6.97616,A
7.21221,6.88742,7.66352,A
7.1243,8.15771,6.93226,A
6.60142,6.64498,8.56511,A
7.81654,8.16832,5.25717,A
6.36686,6.86898,9.33443,A
5.73662,6.20547,8.42738,A
6.88709,7.37665,8.65205,A
6.56262,7.15503,8.49288,A
5.71722,7.67953,8.1441,A
6.80283,9.63591,7.41665,A
5.46356,8.01013,7.32388,A
5.46698,7.3072,7.92011,A
7.12992,7.0544,7.31065,A
7.82107,6.97809,7.5297,A
6.85822,6.8323,9.4513,A
7.29342,8.24244,8.61566,A
6.18405,5.72222,8.01907,A
6.22092,9.18386,6.56322,A
6.17643,7.52705,6.29641,A
5.35065,6.77669,9.19696,A
6.05998,7.97929,8.50706,A
5.96571,8.05217,8.79247,A
6.85919,5.91452,6.45451,A
5.31573,8.3461,7.27684,A
6.87006,9.11057,7.86505,A
6.6539,8.5046,6.92012,A
6.0927,8.90465,8.64149,A
5.31088,9.57104,8.27942,A
5.84611,6.97237,8.19085,A
6.0339,7.55095,8.1545,A
5.72427,8.73432,8.05559,A
6.3186,7.24428,6.35615,A
7.30094,6.77235,7.76828,A
7.40028,7.86828,8.90705,A
6.19049,9.37946,9.10061,A
6.88823,8.1781,9.38448,A
7.10555,7.15534,6.41121,A
5.6875,8.61921,7.6697,A
6.55172,7.18771,7.24522,A
5.71384,7.43593,7.52638,A
7.45186,7.12141,7.46947,A
5.74516,8.26246,8.26204,A
6.42186,6.89123,7.7879,A
4.96502,10.4877,8.53539,A
6.03128,7.79159,6.4496,A
6.9193,8.25958,7.05056,A
7.44367,8.17464,7.9895,A
7.45971,7.00396,8.78752,A
6.3783,7.77076,10.0247,A
5.29704,7.5624,8.85009,A
6.57216,6.33295,7.16389,A
5.64142,8.30354,8.94625,A
5.4553,7.99159,8.0467,A
5.48642,8.33054,8.33356,A
7.4892,6.75472,8.55654,A
6.75732,7.17017,6.91252,A
6.1438,7.21055,6.7219,A
6.81938,8.88995,7.43185,A
7.16819,7.26121,7.84572,A
5.27245,7.55312,8.36163,A
6.26714,7.36083,8.46031,A
5.91319,8.8281,8.42674,A
6.16439,7.44505,8.82757,A
6.25919,7.13533,7.27343,A
5.49832,8.56837,7.1853,A
6.54934,7.72478,8.47766,A
5.82173,8.3701,5.48323,A
6.75825,7.571,9.95918,A
6.4604,8.04997,9.42091,A
6.52119,7.63974,8.52058,A
6.55456,8.00837,8.89368,A
6.44024,6.22929,7.14258,A
5.64187,7.38379,7.73752,A
7.13367,7.02802,7.7756,A
5.4381,7.54648,9.12493,A
7.46932,5.95291,8.31375,A
6.12409,7.49921,5.28894,A
5.52137,7.48724,7.61749,A
7.36827,8.03852,7.13359,A
5.60655,7.7061,9.3813,A
6.59566,5.50221,6.93668,A
7.80522,7.51117,7.61192,A
5.37618,7.47042,8.61761,A
7.13242,7.53692,6.79223,A
5.18921,7.88941,8.44176,A
6.80458,8.09096,8.5779,A
7.28179,6.76335,7.34466,A
6.15842,9.12593,7.60843,A
6.88764,7.54002,9.07169,A
5.71661,7.58745,7.19161,A
6.47573,8.0339,7.67002,A
6.01548,6.84777,8.89031,A
6.28142,7.97494,7.45642,A
5.71012,6.79807,8.18095,A
7.54714,5.96416,7.71102,A
6.67792,7.9879,7.77213,A
7.02144,7.19322,5.79583,A
7.18692,5.92911,7.9638,A
7.0374,8.1785,7.06092,A
7.50352,6.51267,9.71065,A
6.78468,8.08233,8.36649,A
6.37139,8.88736,8.22547,A
7.22255,7.82559,8.12866,A
5.40303,8.81396,8.35589,A
6.32073,7.26348,8.83163,A
6.35368,6.92927,7.51608,A
6.68447,8.3166,9.75239,A
5.58594,6.98538,8.27937,A
6.66278,7.91797,9.11184,A
6.15777,7.72199,6.80888,A
6.18484,8.28523,7.35216,A
6.07708,7.087,7.75704,A
5.41789,8.622,7.85985,A
6.07856,5.84121,7.96656,A
7.93426,6.20533,6.2019,A
6.78875,7.83856,7.25178,A
6.1395,9.33683,8.84964,A
7.43955,6.99212,9.42219,A
7.11163,7.10266,6.24148,A
6.2254,7.18581,7.31469,A
6.55998,6.44242,8.89002,A
6.35695,6.21336,7.68236,A
7.2687,7.03017,7.68729,A
7.73824,6.49347,7.05828,A
6.52313,8.19952,9.0188,A
6.94834,10.0976,6.36328,A
7.51247,7.66856,6.16599,A
7.60812,8.0495,7.56159,A
5.58443,7.89967,10.2344,A
7.14383,8.46114,8.38147,A
7.32053,8.11234,8.17114,A
6.17001,6.23587,7.32341,A
6.27793,8.64832,8.73105,A
5.14944,8.5444,6.86238,A
5.47934,5.89956,10.5652,A
7.71008,7.68312,8.12904,A
6.49775,8.78297,7.05151,A
6.48615,6.75313,8.47724,A
6.67952,6.48968,7.42976,A
8.07091,5.57325,6.21666,A
5.7237,7.67703,7.97316,A
5.44161,7.63239,7.80888,A
6.25068,7.17117,6.05239,A
7.87389,7.21575,7.17604,A
7.46171,6.26598,8.737,A
6.79801,8.96628,8.25932,A
5.53734,8.22878,6.14901,A
6.51378,7.37321,8.9894,A
6.35613,6.43086,8.70635,A
7.39387,6.14925,6.93163,A
6.54195,7.84744,7.16343,A
5.93013,7.30253,6.86711,A
7.35703,6.45355,8.59768,A
6.16726,8.42422,6.77969,A
6.19412,6.97088,7.62111,A
6.20684,8.14724,7.7203,A
6.17823,7.86906,7.64811,A
7.3552,7.69664,6.83661,A
6.57923,7.54395,8.96998,A
5.49624,7.33573,8.2059,A
6.47252,6.25786,6.81548,A
6.66862,8.72465,8.67369,A
6.80413,5.20695,7.74209,A
7.40073,7.44259,9.70467,A
7.58048,7.6715,7.66945,A
7.63713,6.71686,9.03007,A
6.08513,6.93602,8.42994,A
7.48727,6.4506,8.10031,A
7.00669,6.37061,7.03354,A
6.11105,7.56895,8.53006,A
6.806,8.20508,7.23046,A
6.70294,8.91665,8.66644,A
6.21118,7.95322,7.05708,A
5.83716,8.3727,8.3539,A
5.27516,8.11543,9.09117,A
7.40342,5.42162,9.12702,A
6.71878,6.32104,6.80513,A
5.20716,6.66073,9.52962,A
6.45438,6.17888,8.26467,A
5.24668,6.47897,10.2649,A
6.8823,7.03627,6.6076,A
7.38422,7.68446,8.46366,A
5.35869,8.4137,7.22836,A
6.23069,7.87063,7.67737,A
6.45,7.90522,8.19913,A
6.19219,6.74141,6.63164,A
6.05854,7.61746,9.80104,A
7.64816,7.88584,7.99794,A
7.26926,6.31867,10.9915,A
6.40475,6.41724,6.56862,A
6.35037,6.06107,8.34742,A
5.8814,7.11515,7.39418,A
6.78444,6.28106,8.03239,A
7.02905,7.46785,7.66204,A
7.79061,6.67084,7.79178,A
6.03887,7.68177,7.33342,A
5.35315,8.81528,7.19807,A
6.50394,7.21076,7.20203,A
6.67258,7.64148,8.08875,A
6.09621,7.74305,7.84028,A
6.2536,7.15205,8.35163,A
6.09511,7.27159,9.07767,A
5.19674,9.26664,7.04299,A
6.34072,8.32266,6.62219,A
7.11656,7.88637,8.12268,A
6.35848,7.64448,8.02606,A
6.15172,7.28917,6.88896,A
7.42251,6.88868,9.97544,A
6.70816,7.28425,9.87579,A
7.40728,6.94667,7.65393,A
6.3616,7.19675,7.1555,A
6.82261,7.29948,6.24206,A
7.23624,7.25254,8.98138,A
6.07473,7.43449,7.18817,A
6.44896,8.8349,8.55245,A
5.50109,7.46909,7.50919,A
6.43134,8.37514,6.8663,A
6.94483,8.23251,9.54815,A
5.45326,7.54641,8.17239,A
6.74799,7.88554,8.95668,A
6.53985,9.98673,8.21943,A
7.34501,6.71451,7.22922,A
6.61796,6.56598,8.32161,A
7.13296,6.87662,6.50664,A
7.24194,5.57099,8.50801,A
6.40204,6.91443,8.77985,A
6.38508,7.52848,8.27725,A
5.64865,8.81591,8.3046,A
7.16641,7.63542,9.56824,A
6.85498,6.44184,7.77484,A
6.69566,6.083,5.90288,A
6.27447,7.1835,8.08108,A
7.34805,7.18519,7.78016,A
6.2635,7.22013,9.15244,A
6.60055,8.1153,10.4565,A
6.47148,7.20049,8.02508,A
7.11193,7.08249,8.49025,A
6.14862,7.61991,8.21218,A
6.72947,6.26837,8.90459,A
5.36286,8.09731,9.08307,A
6.65686,6.9897,7.67883,A
6.60989,7.14048,10.2199,A
5.92938,7.35214,7.9707,A
4.76593,7.24718,10.2138,A
6.21001,7.52954,7.77855,A
5.55463,7.24739,8.18607,A
7.34631,7.55262,6.85565,A
6.62201,9.01222,6.64693,A
6.441,8.16837,10.1667,A
6.48804,6.61974,7.53513,A
5.89155,8.19907,7.83173,A
6.18085,6.81806,8.28244,A
6.47994,6.31381,9.08373,A
7.03329,6.19382,8.17611,A
6.31635,9.07638,6.82806,A
7.48891,7.5231,8.64933,A
7.84927,7.53145,7.82432,A
5.47785,8.51936,8.89773,A
7.09616,8.322,7.25778,A
5.79367,7.64048,9.75505,A
7.15955,8.20723,8.57031,A
5.45878,8.61862,8.22246,A
7.6443,6.75946,7.8569,A
7.66951,6.4132,7.15875,A
7.14705,9.60337,6.25557,A
6.26366,7.78209,7.12215,A
6.02319,7.27625,10.9653,A
7.28747,6.20192,7.17751,A
7.50759,7.42395,7.06792,A
8.25723,6.14409,8.20497,A
6.08831,7.715,8.01283,A
6.3446,7.35095,8.812,A
6.50209,7.45465,7.79955,A
6.491,6.39894,7.81251,A
7.4329,5.70883,7.03253,A
6.0301,8.73777,8.90884,A
5.77469,6.26212,8.71864,A
7.13646,7.78349,8.26539,A
6.24239,5.7746,7.96158,A
5.23805,7.89098,8.8866,A
7.74383,6.52114,6.18349,A
5.18935,8.18982,8.26635,A
6.63863,5.5987,6.68877,A
6.30471,5.58257,8.096,A
5.85666,7.29004,6.67406,A
6.19134,7.30934,6.60712,A
6.8109,7.48944,6.83002,A
6.27511,7.81672,6.82171,A
6.09584,6.88712,10.2921,A
5.50903,7.48489,9.17229,A
5.43573,8.52781,8.02927,A
6.57919,7.22692,7.82878,A
7.42917,6.60945,9.82137,A
6.0445,7.03897,8.45783,A
7.08966,7.96676,7.87287,A
4.98528,8.14489,8.50729,A
5.14563,6.66402,9.64078,A
6.57709,7.67865,8.08297,A
7.10434,7.027,8.76081,A
6.228,9.17175,8.30892,A
5.84281,7.30278,7.5623,A
7.07311,7.54476,8.22312,A
7.25788,7.7691,7.87796,A
6.93947,7.44506,7.61297,A
6.65796,6.21134,10.5944,A
6.79518,7.14252,7.78643,A
5.26913,8.3804,6.81876,A
8.10339,7.38787,6.25433,A
6.36639,8.31638,8.58793,A
6.99564,8.47446,7.18058,A
6.60581,8.44518,9.71112,A
6.14893,7.59265,8.57265,A
6.22794,8.3331,9.36679,A
4.69731,8.66211,8.35403,A
5.98005,7.37603,8.10214,A
6.98673,8.63492,6.986,A
5.81139,8.47289,9.0363,A
7.60734,6.91895,7.36327,A
6.05089,6.3884,8.45614,A
6.38594,9.13818,8.06508,A
5.05808,7.33236,9.23532,A
6.40911,7.26087,8.84665,A
7.32028,8.13622,7.53587,A
7.13375,7.36506,10.1982,A
7.72417,7.42569,8.27548,A
6.78759,8.37617,8.36906,A
7.05935,7.6315,9.30076,A
7.69782,7.02126,8.22254,A
7.34212,8.21188,8.46559,A
6.81193,6.45786,7.62633,A
6.30888,6.98708,8.17605,A
6.48002,8.52806,7.6178,A
7.25279,7.74218,6.76096,A
5.94902,6.67411,9.7564,A
6.92862,6.1314,9.57282,A
6.24948,7.04621,8.06388,A
8.21962,6.55879,7.52079,A
6.42198,8.47256,9.57718,A
6.37142,7.23442,6.64929,A
7.34379,7.59701,7.9104,A
6.35349,9.31179,7.10614,A
6.58894,6.84943,8.43762,A
7.42614,6.79739,8.5386,A
6.2112,7.36313,8.07726,A
6.06071,7.27448,7.48559,A
6.33788,8.24555,7.46821,A
5.60435,7.19247,7.76793,A
5.62841,7.5136,8.11144,A
6.87445,6.59731,9.22464,A
5.8871,8.33434,7.33202,A
7.10359,8.37091,8.53755,A
7.92203,7.08971,8.32922,A
7.49807,7.73911,8.52364,A
6.80416,8.8754,7.01108,A
5.60928,8.20163,8.49081,A
5.66245,7.33387,8.70945,A
6.39472,7.22948,7.91943,A
6.23712,7.76964,7.25419,A
5.52759,6.49388,10.5417,A
6.24493,6.63563,7.33902,A
4.96302,9.16497,8.24835,A
5.58795,8.03191,8.31191,A
6.72208,6.66839,9.30733,A
7.56961,6.73754,8.65515,A
5.90149,7.75525,9.33456,A
6.30389,7.37928,5.28754,A
6.28822,7.31973,7.6315,A
7.14849,6.44478,7.98039,A
5.89383,8.06146,7.94529,A
6.24845,6.66747,8.2605,A
5.24675,8.06357,7.16382,A
6.91589,8.10611,6.59227,A
6.52072,9.00907,9.23742,A
5.96178,6.53916,8.61168,A
5.92809,6.90564,7.43677,A
6.04296,7.73194,7.04647,A
6.1878,7.01649,9.04574,A
7.55366,6.32924,6.5553,A
7.66108,6.31309,10.038,A
7.20816,7.9226,8.63478,A
7.50821,6.73724,8.0468,A
5.66651,7.78675,8.34767,A
6.21535,6.59551,6.52706,A
7.10089,7.49927,7.2402,A
6.33979,7.23818,9.02249,A
5.4838,6.24776,9.2878,A
6.59021,7.31875,6.58438,A
7.65763,7.29161,9.17642,A
7.8403,6.73164,8.04544,A
6.40943,8.48772,6.58666,A
6.78698,6.5098,8.57648,A
4.94687,9.99191,8.743,A
6.48828,6.62558,8.78492,A
6.95689,6.52843,7.82726,A
5.1761,8.25169,8.45711,A
5.94632,8.27874,7.34048,A
5.68341,6.39344,8.32254,A
5.62921,8.99252,10.2481,A
6.077,8.22392,8.07539,A
6.66186,7.12406,8.00885,A
5.74866,6.99359,8.99422,A
7.81131,7.67947,7.52871,A
5.9673,7.80519,8.89409,A
6.37378,7.57606,6.74331,A
6.97849,6.74642,7.56846,A
6.35912,7.28248,7.89393,A
6.30352,6.9591,7.20163,A
6.21366,7.57082,7.20066,A
7.82065,6.90508,6.79505,A
6.17378,8.43566,6.53247,A
6.933,7.92327,6.8626,A
6.37549,7.09655,8.36828,A
6.50635,7.79427,8.22326,A
5.87841,7.65729,9.32386,A
6.50929,8.2442,7.91007,A
7.56602,7.08376,9.70634,A
6.91334,7.65601,7.53736,A
7.13492,8.25407,8.17975,A
5.5614,8.21284,9.99338,A
6.13983,7.44401,9.17599,A
6.52643,6.14087,8.72551,A
7.13728,7.2707,7.34942,A
5.5253,7.36399,8.4206,A
6.2934,7.42524,8.35992,A
5.50488,7.26953,12.5557,A
7.90814,6.11183,6.30976,A
8.11724,6.59758,7.89668,A
6.71035,8.00384,8.05292,A
5.41535,8.70073,8.95993,A
7.32506,9.07646,6.50333,A
6.03284,7.73649,9.07587,A
7.02711,7.52791,8.44274,A
7.0884,8.58923,8.68598,A
6.02154,8.56125,11.4699,A
7.11578,5.5571,9.92988,A
6.52797,8.15541,8.62101,A
5.72702,6.65616,7.81069,A
7.64215,7.11125,8.22306,A
5.98666,6.20586,8.7284,A
5.95658,7.12601,8.02432,A
6.8137,8.19848,8.53245,A
6.83003,9.4062,7.34263,A
6.1747,7.61178,8.22179,A
7.44855,8.08666,7.22517,A
7.45613,6.878,4.91939,A
6.68543,9.28993,7.65121,A
6.23029,7.98924,8.46088,A
6.74,6.70577,8.30448,A
5.70107,8.04395,10.4189,A
7.47879,7.72037,8.18771,A
6.49991,8.31902,9.82322,A
7.70482,7.2028,6.44516,A
6.8559,7.12313,9.42492,A
6.9443,8.74878,8.51704,A
6.3448,6.49282,9.77703,A
7.34001,7.58801,7.69502,A
7.27756,6.79279,9.59205,A
6.9269,8.34125,9.94105,A
6.72537,6.06236,7.17649,A
5.44494,7.18911,8.045,A
7.34826,7.43499,7.9441,A
6.37865,8.23506,7.35644,A
5.74179,7.12462,8.58659,A
6.49074,8.1829,7.96283,A
6.83467,6.18249,8.15613,A
5.78726,8.71078,7.13495,A
7.00641,7.33194,8.41433,A
5.43954,8.15681,7.99814,A
6.38038,7.82916,8.85994,A
5.46112,8.19909,8.45043,A
7.50065,7.81886,6.60799,A
6.34922,8.45295,7.57544,A
5.9522,9.15603,9.63097,A
5.73843,7.50936,9.43179,A
5.72655,7.68826,8.83097,A
6.8571,7.42134,7.41292,A
6.24697,6.314,7.68167,A
5.56227,8.19548,7.51434,A
4.79173,8.45071,9.23184,A
6.39936,9.5861,5.98474,A
5.54859,7.62207,8.51174,A
6.09802,8.97302,7.78953,A
6.90706,7.31877,8.06024,A
5.5547,6.00329,9.72971,A
5.27614,7.99301,7.30773,A
6.17105,8.10187,9.56542,A
5.52548,7.14504,8.7444,A
7.43407,8.47733,6.97173,A
7.98425,7.15447,7.93014,A
5.56664,9.14387,7.32177,A
6.47711,8.81645,6.40484,A
5.39921,8.06338,8.84295,A
7.88565,5.69176,7.99154,A
6.95283,5.0273,6.68508,A
6.41357,5.72372,7.25324,A
6.22525,6.7224,8.60414,A
7.81648,7.27513,8.30802,A
7.53138,7.70281,8.75786,A
5.74376,6.85962,7.92194,A
6.04572,8.23644,9.16667,A
6.19418,8.78374,9.00462,A
7.09708,7.72073,6.76259,A
7.13571,9.17168,7.4007,A
6.20262,6.84064,7.84241,A
7.3323,5.44443,4.97369,A
7.42895,6.86893,8.34755,A
6.53678,9.44865,6.97938,A
7.15952,8.40364,7.55527,A
7.56839,6.47021,8.36776,A
6.81386,6.27806,7.86178,A
6.87761,7.14382,7.89597,A
5.88446,8.52621,7.93075,A
6.5614,6.33874,9.49663,A
6.24838,7.63987,7.13403,A
6.99888,8.03422,7.88618,A
8.437,6.04314,7.04445,A
5.6269,7.50561,7.53427,A
6.41862,5.57491,8.97508,A
6.30729,6.96715,7.31965,A
6.93295,7.56161,8.52922,A
5.57317,8.2634,6.20305,A
8.50317,6.1792,8.00976,A
6.7462,8.76638,8.09817,A
6.25015,9.20271,8.08616,A
7.48534,6.98609,5.39061,A
6.04887,8.94758,7.71341,A
6.38921,9.43597,8.69803,A
7.21004,8.04493,7.36419,A
7.76186,7.59343,7.02478,A
7.07371,6.76131,7.6803,A
6.11637,9.2444,7.66142,A
5.90061,9.40798,8.97943,A
6.12853,6.31768,8.1815,A
5.40707,8.34964,7.87232,A
6.39635,5.88955,7.6106,A
5.84199,8.11284,9.6263,A
7.74773,7.29871,7.45975,A
6.84828,7.50689,6.38173,A
7.08218,7.35367,5.70839,A
5.69077,8.28655,7.5906,A
6.07578,8.99384,8.50495,A
6.53709,7.12383,8.75677,A
7.0963,6.70823,6.95538,A
6.98917,9.33934,5.74408,A
7.10698,8.26167,6.97223,A
6.28154,7.19734,7.9101,A
6.72456,5.98507,8.30399,A
6.12025,8.25387,7.05503,A
6.41446,10.3634,6.98189,A
6.44984,6.9464,7.15559,A
6.43513,9.81769,8.91915,A
5.95703,6.90148,7.28766,A
6.27124,9.04752,8.64129,A
6.1605,6.37758,7.3056,A
6.11581,7.22897,7.58789,A
8.01704,6.44109,9.21609,A
6.02304,6.03833,10.1341,A
6.73753,8.27382,8.27344,A
5.42984,7.83331,7.42427,A
6.40233,6.09413,7.76747,A
7.30605,6.36608,7.75144,A
6.26104,6.80649,8.99124,A
7.67886,7.32149,8.9628,A
6.91519,7.60519,8.90512,A
6.26835,7.0674,7.83036,A
7.08725,8.24749,8.84282,A
6.31651,7.35726,6.0884,A
6.6908,7.38054,7.70948,A
5.80429,7.94127,9.50118,A
5.81496,6.65626,9.21821,A
5.66909,9.31715,7.26392,A
7.73225,5.76334,8.51747,A
7.25993,6.06438,7.9833,A
6.36768,9.34723,7.76857,A
7.20471,7.45538,9.21725,A
6.31295,7.12871,9.43266,A
7.74405,6.97183,9.13784,A
7.1191,8.41619,7.70681,A
5.16721,6.96752,9.32841,A
8.47871,5.06217,7.56109,A
7.56605,7.00275,8.86252,A
5.91357,7.83974,7.74428,A
5.61164,7.65805,7.91441,A
5.44879,8.27956,7.12072,A
6.21879,6.95646,8.32937,A
6.09797,8.16643,8.83114,A
6.39917,7.10356,6.95711,A
7.2852,6.48816,7.0916,A
7.97636,5.86127,7.28886,A
6.49197,6.65387,8.34295,A
6.00563,6.02453,8.418,A
7.68769,7.03021,6.46686,A
6.75684,5.82104,8.15017,A
6.17816,5.72799,7.9814,A
5.3872,6.51421,10.3296,A
7.84038,7.69358,6.09596,A
6.32732,8.95097,8.3885,A
4.41093,9.16901,8.79799,A
6.29974,7.10631,8.7363,A
5.44688,8.77921,9.25097,A
8.17044,6.28213,7.14159,A
6.64295,8.97987,8.56928,A
7.43354,8.12113,7.94329,A
6.9343,7.45155,7.8412,A
5.97734,7.73228,7.40753,A
6.19626,7.60021,8.24291,A
7.27287,6.47362,7.49955,A
7.0229,7.10121,7.4589,A
6.7282,6.31793,8.64655,A
5.53301,9.5657,9.96149,A
6.11428,7.5333,8.34695,A
6.44594,8.13856,8.18598,A
7.27472,7.53039,7.93541,A
7.41442,7.76238,8.30322,A
7.19654,7.88366,9.22831,A
6.16492,7.28096,7.45125,A
6.02946,7.88744,7.9451,A
7.84884,6.73748,6.25436,A
6.72781,6.72525,8.0061,A
5.53987,6.52723,9.56659,A
6.10614,6.5605,7.86307,A
5.25867,7.91307,8.91962,A
7.30114,7.33586,7.94151,A
5.77557,6.78019,9.10535,A
5.97038,7.56067,8.2668,A
7.07348,8.62836,6.86201,A
5.30078,9.08324,7.77579,A
5.69941,6.779,8.89891,A
7.24486,9.41004,6.31829,A
6.41241,7.08521,10.984,A
6.93963,7.48043,10.0465,A
5.88307,6.40562,8.33972,A
6.39351,7.45898,6.2638,A
6.98298,7.76376,7.80752,A
6.16412,8.97234,6.41789,A
5.56176,7.67197,7.2436,A
8.09026,6.08295,7.05961,A
4.86529,9.30721,10.0104,A
7.5213,7.36458,8.48799,A
6.50366,7.71342,8.07715,A
7.90101,7.96648,6.49848,A
5.59228,7.57454,7.91483,A
5.63599,8.0397,8.61239,A
7.50393,7.36841,7.3685,A
5.55898,7.99609,9.24691,A
7.03224,7.43139,8.52062,A
4.83361,7.67303,8.9801,A
6.85547,7.45395,8.91996,A
6.84348,7.19221,7.36419,A
7.23998,6.63625,7.46487,A
6.02458,7.49526,8.00177,A
5.74092,6.81231,7.64968,A
6.35285,7.24075,6.59971,A
7.40364,8.12236,8.45876,A
6.77127,5.05828,8.01543,A
6.15894,8.57306,8.78278,A
7.56405,8.09712,6.78243,A
6.37359,7.28813,7.02106,A
5.90923,7.97501,9.31446,A
6.51037,7.38614,9.98985,A
7.68471,6.52866,8.88443,A
6.88926,7.11978,7.15535,A
7.44327,7.62865,7.68322,A
6.22506,7.92877,7.69243,A
6.73555,9.2755,7.30887,A
4.82533,8.99707,7.72147,A
5.85204,6.50555,9.01201,A
7.37874,6.37037,8.31224,A
7.65778,7.34527,8.7857,A
7.14533,6.21816,8.27163,A
4.94127,8.96461,7.87513,A
7.08498,7.5322,9.05663,A
6.87528,8.40484,6.94835,A
7.09561,7.06478,6.67381,A
5.71913,8.29773,8.07322,A
5.47576,7.40822,7.58761,A
5.86938,8.84492,7.61197,A
7.56374,5.24283,7.59503,A
7.25804,6.79313,7.3593,A
6.05546,6.9007,8.1675,A
6.49559,6.24324,9.62616,A
7.26335,7.62118,8.42809,A
5.40966,8.45335,8.21977,A
7.46224,7.37351,9.38472,A
5.94388,7.52092,7.23764,A
6.04833,8.19088,7.77718,A
7.28375,7.98198,7.7528,A
7.18624,6.60745,9.64947,A
6.71869,7.93957,8.36632,A
7.0472,5.92615,9.01677,A
6.65862,7.86178,8.51804,A
6.853,7.05525,7.04912,A
6.86285,8.01243,8.65906,A
6.53471,7.93407,7.02111,A
6.48941,8.36331,9.40188,A
6.36196,5.83974,7.15695,A
7.74321,5.66625,8.0242,A
7.15123,6.75838,7.13766,A
6.55067,7.17915,7.54483,A
5.96735,6.26694,8.44314,A
6.13882,7.40116,10.2203,A
5.76031,6.93743,7.54608,A
6.84624,7.04772,9.33441,A
5.89154,8.07008,9.86294,A
5.60803,9.7159,6.18595,A
6.62079,9.55973,8.46442,A
7.76425,6.94269,8.65782,A
6.60481,6.29985,8.94545,A
6.12751,8.11142,8.44098,A
7.29928,8.29062,5.9241,A
5.98349,6.91082,8.55563,A
6.30349,9.13658,7.49084,A
6.84077,7.4946,9.13843,A
6.47425,7.28599,7.22146,A
5.8968,7.21604,10.5308,A
6.42817,7.62754,7.72702,A
5.98752,7.33863,7.38408,A
6.81859,6.47754,9.4547,A
7.33934,6.86883,7.6022,A
6.25754,8.12679,6.20137,A
5.89661,7.06607,7.1315,A
7.27116,7.62311,8.04761,A
5.82582,6.49175,8.28537,A
6.66022,8.07745,7.00712,A
7.2763,7.89572,8.03394,A
7.3745,6.42877,5.4463,A
6.398,7.02901,10.3489,A
5.71945,8.24817,8.79607,A
6.15339,8.53821,7.00221,A
6.59657,7.85062,8.26598,A
6.97419,7.00772,7.87969,A
6.39402,9.39335,9.27787,A
8.19283,5.75467,9.59026,A
5.76735,6.18542,8.61566,A
5.4513,7.60316,9.53636,A
5.81639,7.42249,8.40325,A
5.4861,7.97993,8.88284,A
7.87462,7.04974,8.50854,A
6.89016,7.39191,8.89217,A
6.3677,7.03003,7.30863,A
6.85432,8.69986,8.25772,A
5.93276,6.7816,8.49649,A
5.75928,8.03005,8.03508,A
5.45289,7.80511,7.6216,A
6.2456,7.57105,7.42348,A
6.505,6.96553,8.10881,A
6.57952,8.12729,8.09161,A
7.07057,6.90559,6.62878,A
6.28519,6.63955,8.16694,A
7.3483,6.24877,8.95516,A
6.71586,5.58412,7.12079,A
7.05934,6.01964,8.46744,A
7.36994,8.14704,6.80524,A
6.13197,8.44778,9.27535,A
6.73683,6.60529,8.88781,A
6.56797,7.31294,9.30598,A
6.31575,7.92962,5.27446,A
5.29226,7.79744,9.29757,A
5.8621,7.7971,7.33677,A
6.12113,7.77982,7.19744,A
6.40789,8.3622,8.48028,A
6.02298,6.56246,7.64191,A
7.57279,7.12874,9.11973,A
7.02006,6.5372,5.99204,A
6.23167,6.73693,7.65773,A
4.58707,8.91189,9.32353,A
6.44907,5.46399,8.45479,A
6.49668,7.45678,8.06958,A
5.62942,7.11041,7.90843,A
6.70447,8.06577,7.43994,A
6.894,7.47491,7.75928,A
6.93966,7.5923,7.2236,A
5.07452,8.1824,7.69674,A
6.91324,5.34482,7.55863,A
7.15068,8.30557,6.33281,A
7.24889,8.10728,7.5327,A
7.42913,7.69984,8.46399,A
7.43456,8.42294,7.72736,A
5.74286,7.63945,9.89483,A
5.50894,7.93184,7.84025,A
6.23132,7.70704,9.91498,A
6.36194,8.11896,7.49948,A
7.05632,7.33268,8.82116,A
7.76417,5.70511,8.86025,A
6.7965,7.2248,7.59273,A
6.32847,6.68862,6.44539,A
6.79558,7.36603,6.89945,A
6.0704,8.35001,9.10511,A
6.40752,6.93549,9.52897,A
6.70763,5.43611,6.90678,A
5.79133,6.60114,7.63406,A
7.31309,6.91259,7.61519,A
6.92457,6.30236,8.37979,A
6.46689,5.6129,7.04219,A
5.55919,7.18395,7.87341,A
5.61322,8.62453,9.09613,A
5.49191,8.48356,8.03312,A
5.83667,8.18912,10.2139,A
6.55426,6.54723,9.08271,A
6.53289,6.6692,7.04606,A
6.75113,8.75019,7.082,A
5.99988,6.63988,7.56096,A
6.54722,7.87534,8.38763,A
6.92774,6.5815,6.47678,A
6.87141,6.25929,8.02631,A
5.75949,7.37051,8.81751,A
6.95088,8.77408,6.49864,A
6.77691,8.46405,7.78776,A
6.83384,5.59419,7.15927,A
6.7436,7.80738,6.88981,A
6.52519,7.43175,8.96289,A
6.61681,7.2083,7.49128,A
7.94632,8.00392,6.21235,A
5.98594,8.50516,7.98334,A
6.97546,7.05182,7.07346,A
8.20088,6.88218,5.90162,A
5.67421,6.41378,9.04686,A
6.19101,6.18538,9.05341,A
5.86934,6.31146,9.39225,A
7.14968,7.77156,9.49303,A
5.7305,8.54415,7.79078,A
6.0148,6.63103,8.96257,A
7.54488,6.9841,9.49661,A
6.3512,8.09848,8.12848,A
6.07231,5.83088,8.21214,A
7.6945,6.02078,8.49227,A
5.54658,8.53344,9.17124,A
6.24844,7.04366,6.92791,A
6.59232,8.27337,8.42183,A
6.4237,9.04054,6.20041,A
6.43941,6.77525,7.62995,A
6.14069,7.92321,8.61182,A
7.3417,7.17398,8.79354,A
6.39999,7.51981,7.20732,A
6.90637,9.12933,6.21506,A
5.45201,7.39021,8.32234,A
6.48661,7.40182,7.29755,A
7.17322,6.8929,7.78845,A
5.7683,8.08238,8.12611,A
7.10467,7.37588,8.12172,A
6.45924,6.46705,9.7892,A
5.62073,7.78465,8.61394,A
6.04767,8.28093,7.23227,A
6.42256,7.33998,9.03843,A
6.48575,8.4541,7.00002,A
7.63839,6.86601,7.88511,A
6.9131,8.12563,7.18662,A
6.19695,7.34647,7.83987,A
6.43496,8.34591,9.94975,A
5.49745,9.23025,7.10391,A
6.3148,8.9351,8.13607,A
7.14527,6.70776,8.82394,A
6.71737,8.41296,6.76299,A
7.40125,8.0152,8.63124,A
8.3231,7.08582,6.85053,A
6.48068,6.89679,8.14501,A
7.62374,8.13224,6.42063,A
7.60585,6.99994,8.34473,A
7.50138,7.12304,8.1837,A
5.8088,9.24221,7.25859,A
7.39201,7.72654,9.28615,A
6.64051,9.03647,8.16021,A
6.88038,6.24236,8.20691,A
6.31352,6.67718,6.59817,A
7.5641,6.41223,7.58987,A
5.4236,7.21141,8.85314,A
7.74979,7.23714,8.75932,A
6.25667,7.87039,7.62669,A
7.23811,7.25765,8.55872,A
7.19598,7.08987,11.0335,A
7.18071,6.80229,9.15159,A
5.6516,6.98283,8.21159,A
6.95578,7.7525,6.02654,A
7.36615,6.99454,10.6487,A
6.22678,7.04635,8.28502,A
5.37609,7.59069,8.63433,A
5.91915,8.70195,8.69836,A
7.61449,7.80027,8.31003,A
4.81469,7.74023,10.6723,A
5.56156,7.34358,9.31449,A
6.99435,8.32119,7.28502,A
7.00346,5.66247,9.18642,A
5.49943,8.25813,7.67598,A
6.37837,7.43893,7.46288,A
6.69035,7.24417,8.26005,A
6.39248,10.0287,6.83233,A
8.09958,6.5101,5.38687,A
5.08476,7.51142,10.1019,A
4.76436,7.79795,10.958,A
6.78105,7.10051,8.82463,A
6.73306,6.7592,8.36255,A
6.8789,7.28507,9.53124,A
7.42958,7.22679,7.86561,A
8.12535,6.73955,8.29639,A
5.9363,6.99049,8.78669,A
6.31426,8.71269,8.86398,A
6.99195,7.94496,8.36711,A
7.64696,7.45212,7.2764,A
5.14859,8.34123,8.03612,A
6.82145,6.37512,8.23215,A
7.22245,5.63949,7.92979,A
7.17456,6.37377,8.10179,A
6.21067,8.51343,9.18768,A
6.24781,7.32029,7.15846,A
5.88272,8.81753,7.09923,A
6.42535,7.13036,5.84743,A
6.9093,8.17594,7.68688,A
7.08847,7.45247,8.45465,A
6.74261,7.88042,7.28922,A
7.35912,7.17459,9.50582,A
6.47488,8.35457,8.36421,A
5.80694,6.37486,8.1776,A
6.1262,6.59519,7.3713,A
6.6704,8.23267,8.00894,A
6.22135,7.65653,6.3169,A
7.24542,6.83242,5.86008,A
8.02726,7.48198,6.84451,A
5.14809,9.06453,8.6903,A
6.10128,8.06171,8.50721,A
5.59642,7.146,7.75616,A
5.89005,7.68388,9.62907,A
7.67266,7.95325,6.9144,A
6.86847,6.6429,7.63497,A
6.57161,7.56605,6.7061,A
8.36942,6.48601,6.80043,A
8.03978,7.04151,7.82222,A
7.53527,6.97162,5.27294,A
6.65401,8.10505,5.77166,A
7.77996,7.15485,8.75105,A
5.90262,7.78748,10.6062,A
6.0661,6.1141,8.42501,A
6.17231,8.14394,6.50921,A
7.19512,8.37292,7.60348,A
7.33236,7.16771,6.05932,A
6.97467,8.28101,8.44406,A
7.14512,7.6528,8.23991,A
6.88677,6.6537,6.72215,A
6.41276,7.77333,6.56992,A
5.15677,7.83974,8.31148,A
6.23466,8.21062,9.23387,A
6.23214,8.0313,6.90012,A
7.12951,5.4496,6.94704,A
7.68636,7.40263,7.11375,A
6.09994,7.99108,8.14084,A
5.30594,7.74163,7.87952,A
6.32907,5.67485,7.55092,A
7.01195,7.11036,8.78749,A
7.39351,7.94295,5.23325,A
5.94839,8.59652,6.79238,A
5.99961,7.50148,8.12277,A
6.8866,7.57445,7.17489,A
6.31242,6.88656,7.7891,A
5.62073,5.93101,9.90339,A
6.43716,6.94947,7.2015,A
5.52438,7.75613,6.99822,A
5.12577,8.74174,6.5044,A
6.9189,8.10373,8.97124,A
7.333,5.82174,9.01905,A
7.45219,6.80929,8.1057,A
5.63136,7.93146,9.22471,A
6.33881,8.70356,7.81837,A
6.21279,8.21947,9.06555,A
6.33119,7.98824,7.55437,A
6.72621,7.12659,9.08372,A
5.63318,6.18858,10.3958,A
6.32478,6.81586,7.4619,A
7.24469,8.05612,7.77498,A
5.43533,8.04109,7.69626,A
7.26407,6.71573,8.69803,A
7.26882,7.75063,6.64065,A
6.07682,7.17738,7.81412,A
7.66563,7.80458,6.77709,A
6.1921,7.62733,8.83601,A
5.94762,8.03813,8.27651,A
7.66871,6.26443,7.97966,A
7.0422,6.69264,8.55151,A
6.25526,7.98419,9.49725,A
7.38778,8.02763,8.73364,A
6.11806,7.07775,9.19069,A
6.94759,7.00519,7.03979,A
6.91511,6.29848,6.93272,A
6.08064,6.99102,8.8183,A
6.85543,7.89611,7.35855,A
6.56284,7.60087,8.04577,A
6.89866,6.87608,7.88908,A
5.58691,9.32205,6.61611,A
6.48297,7.41453,7.88025,A
8.23437,6.68504,7.83471,A
7.04062,8.12667,7.30899,A
6.19045,8.15442,7.66017,A
6.4445,5.79254,9.1475,A
6.84442,7.62438,8.83216,A
6.98862,9.04974,7.94576,A
6.6849,8.18596,7.8656,A
7.11581,8.37772,8.81059,A
7.15343,7.48399,8.6323,A
5.76169,5.98639,9.24757,A
7.8315,6.7676,6.59314,A
5.78605,7.32881,8.89951,A
5.80963,7.41936,9.49561,A
7.43923,8.04982,8.5537,A
5.6894,7.28794,8.89306,A
5.82169,7.22267,8.60052,A
5.79976,8.17745,8.9588,A
6.72748,6.93628,8.52211,A
6.12397,8.83723,9.66984,A
6.60377,8.1536,9.50235,A
7.27744,8.05908,7.50995,A
6.41631,6.37214,7.60817,A
5.56546,6.39435,8.91592,A
5.1241,7.90533,8.75158,A
5.56133,7.75352,7.72181,A
6.07952,8.07407,8.63663,A
6.01133,8.98854,8.85106,A
5.58952,8.11046,8.48616,A
5.96648,7.9878,7.19542,A
4.66928,9.20913,7.89368,A
6.13037,5.75395,8.99846,A
6.70492,7.58748,8.30103,A
7.52243,7.57026,8.70187,A
7.24684,7.59802,8.33435,A
5.98258,6.91882,8.06178,A
6.45977,6.2525,10.0468,A
6.46366,7.29656,8.3364,A
7.33088,6.45199,6.70405,A
6.30372,7.3235,8.19547,A
7.17788,6.57787,7.11719,A
6.52938,6.89057,8.38993,A
6.46424,7.80769,8.48282,A
6.57715,9.94821,7.58695,A
7.37491,7.03363,8.55126,A
5.8423,6.51489,7.78968,A
6.55581,7.77834,8.43491,A
4.40252,8.70083,8.94979,A
7.72883,8.23312,6.84582,A
6.42032,8.99451,7.83911,A
7.19738,6.69112,4.73039,A
7.16164,6.40216,7.94409,A
7.25978,7.13414,7.9111,A
5.76745,6.66889,7.73124,A
5.7771,7.708,6.40416,A
5.46003,7.88789,8.47489,A
6.7039,6.14614,7.72857,A
7.11373,6.90383,8.18713,A
7.37843,8.57475,7.44612,A
6.25304,6.91921,7.12391,A
5.80304,7.62594,6.8956,A
6.2244,8.79873,8.33938,A
5.63806,6.36172,10.0858,A
6.43035,7.5261,7.52112,A
7.33891,4.99512,7.44556,A
6.43555,6.97187,7.52302,A
7.66061,6.71601,7.80837,A
6.54543,7.10412,8.93627,A
6.20598,8.55877,7.4075,A
6.05318,8.7258,6.29156,A
5.45365,8.86458,7.6641,A
6.76391,6.50144,8.0064,A
7.19678,7.79073,6.5486,A
6.12059,7.2893,9.63889,A
5.45335,7.01341,9.0767,A
5.67489,8.81023,7.59183,A
5.78764,7.22746,8.01263,A
6.96918,7.28167,8.22345,A
7.09178,8.90263,6.42326,A
7.77539,6.60012,8.18313,A
6.93555,8.29811,8.05169,A
5.62274,8.40816,10.2229,A
6.16869,7.87003,9.52106,A
7.1818,7.40579,8.24969,A
6.05408,6.21208,9.21277,A
6.12249,8.47408,7.81375,A
5.93382,8.09484,9.84255,A
5.93742,8.32403,7.51214,A
6.88116,6.86815,8.55656,A
5.65886,7.38359,9.8571,A
6.54739,8.70038,7.67153,A
6.47296,8.23939,8.67385,A
6.44803,8.65486,8.82685,A
6.01746,7.16561,6.7317,A
8.08019,6.07234,6.80347,A
7.56896,6.70066,7.59387,A
6.94402,6.25593,6.1622,A
7.56464,7.45242,8.82457,A
6.66492,7.86204,6.69893,A
6.77162,7.93311,9.40675,A
6.20365,8.6768,8.25013,A
6.34261,8.09838,7.92965,A
7.39249,7.52442,8.24474,A
5.03112,8.64967,7.79711,A
6.26336,7.85086,10.9295,A
7.73998,6.00891,6.37944,A
5.66486,7.24384,8.10371,A
7.27787,8.22976,7.9595,A
7.9098,5.88901,7.78225,A
6.02746,7.45807,8.71009,A
8.06996,6.91412,7.74904,A
7.04289,7.59703,9.02312,A
7.11823,8.06189,7.63139,A
7.23043,8.47199,7.33677,A
5.40319,7.48985,8.23122,A
6.58505,7.59212,8.82946,A
7.14539,6.40369,8.20306,A
7.05922,8.09558,7.65633,A
6.70398,6.40405,7.30824,A
5.77807,8.20399,8.34048,A
6.67612,9.22158,7.22692,A
5.25763,9.60622,7.90927,A
5.72344,6.16889,8.9306,A
6.53015,7.19845,9.83341,A
5.88054,7.43945,7.87253,A
6.58428,7.78702,5.69455,A
7.47865,8.48139,7.2884,A
6.37167,8.12348,8.42409,A
5.67732,8.396,9.37677,A
6.83861,9.00654,6.48478,A
6.03377,8.59526,6.35533,A
7.3393,6.95596,9.1548,A
7.86015,6.79381,5.14088,A
7.15274,6.7683,9.0622,A
7.76212,6.91418,8.13906,A
5.97463,6.86088,9.14817,A
6.97507,8.86664,6.82779,A
6.93533,7.7274,8.14311,A
6.05043,5.04413,10.8866,A
6.44104,6.66688,10.1776,A
6.37412,8.87911,8.06487,A
7.20609,6.80596,9.2518,A
7.21619,7.39551,8.60514,A
6.31867,7.1074,8.44945,A
6.71866,6.4251,6.9973,A
7.38008,5.83721,8.83619,A
7.18868,6.14928,9.63957,A
6.14178,8.60895,8.21121,A
6.19739,6.94824,8.57709,A
6.56475,8.15541,8.88874,A
5.70444,8.14575,10.0664,A
6.28414,7.70929,6.82129,A
5.08488,8.02077,8.03789,A
6.65877,7.11555,8.44782,A
6.52844,7.29214,10.1218,A
5.97772,7.17692,9.20423,A
6.72001,8.45586,9.55368,A
6.2858,7.92122,6.38497,A
6.08882,7.13861,8.39013,A
6.80727,7.25252,7.07614,A
7.21994,8.13848,6.05358,A
6.42133,7.28118,6.05172,A
7.40059,8.81129,6.18752,A
6.31731,8.82945,8.75457,A
5.74748,9.16399,6.62327,A
6.37719,8.09839,6.31999,A
5.9567,7.60619,8.29471,A
5.55638,7.88802,8.25459,A
7.11451,8.10349,9.04313,A
7.41949,8.4102,6.40568,A
6.90072,7.23237,9.5996,A
6.368,9.37224,9.101,A
6.28379,6.74451,7.51846,A
7.78352,6.64063,5.88364,A
6.75201,8.04179,6.64225,A
6.00627,7.52236,8.17526,A
6.71482,8.24045,8.22433,A
6.26754,8.00347,9.41246,A
5.93301,7.35444,7.85913,A
7.63971,7.37555,7.72116,A
6.82817,8.95279,8.48509,A
6.26721,7.50629,8.46252,A
6.02448,6.86166,7.43173,A
5.70552,8.72264,8.28393,A
6.47845,8.15468,7.5069,A
6.18517,6.71822,8.9613,A
7.60956,6.39151,9.07066,A
7.39057,6.17577,9.22262,A
5.58796,8.05049,8.59988,A
5.83191,8.07415,8.81052,A
6.8071,8.47276,8.36021,A
7.09159,9.6423,5.32575,A
5.4369,7.24773,8.18489,A
5.62766,7.39881,7.02098,A
6.33885,6.04576,7.28946,A
6.4553,8.20418,8.77536,A
7.121,7.61133,6.54936,A
7.18265,6.94603,7.42494,A
7.4681,6.2335,8.15577,A
6.68242,7.9931,9.2865,A
6.49762,7.19049,7.1556,A
7.0827,6.071,6.99232,A
6.33368,8.58497,6.9059,A
7.68545,7.34111,6.86988,A
7.42285,7.19317,7.10516,A
7.61388,7.50746,8.58944,A
7.21758,7.05619,8.10792,A
4.75229,7.87652,11.209,A
6.00604,5.20303,9.10757,A
6.42341,6.54525,8.64928,A
7.56921,7.31594,8.15231,A
7.21681,7.29597,7.05634,A
6.64666,8.00193,5.37338,A
8.15031,6.28,6.53146,A
8.12697,7.84497,5.39913,A
5.52109,6.92438,7.99975,A
5.64035,8.81563,9.98077,A
5.157,9.21427,8.89798,A
5.59247,10.2327,7.40507,A
6.14205,8.44786,7.39187,A
6.95292,9.42395,7.44381,A
5.8821,8.95034,5.7291,A
6.47192,7.34764,9.6066,A
6.00527,7.82482,9.09792,A
5.90277,7.98985,8.1954,A
7.36145,6.82371,8.24914,A
5.83806,7.27957,8.6836,A
6.93139,8.7035,8.57643,A
7.73192,7.19197,6.5163,A
6.55079,8.98065,7.67583,A
5.68845,6.97215,8.07661,A
7.25149,8.1175,6.82892,A
5.93864,8.93205,11.1727,A
7.68227,6.47592,6.72118,A
7.46718,7.31023,8.38967,A
5.78251,7.17422,8.6799,A
5.40612,7.62249,8.00252,A
6.17817,8.26527,8.01972,A
5.07867,10.4155,6.965,A
6.66474,8.35403,5.16716,A
7.85173,7.37208,7.54054,A
6.71353,8.20107,6.72504,A
6.57412,6.66798,6.10164,A
5.95598,8.10176,10.1067,A
8.6282,7.13738,4.91037,A
5.8412,7.92334,6.80453,A
8.06423,7.42077,6.96976,A
7.45265,7.50232,7.09736,A
7.09795,8.07427,8.84928,A
7.35112,5.77456,7.88629,A
6.55432,6.83003,8.11384,A
5.95047,8.02419,8.01927,A
6.96836,7.21949,7.61786,A
6.41284,7.87122,8.3175,A
5.31895,7.31596,8.32254,A
7.79532,7.13062,6.45033,A
7.08293,8.98557,7.24097,A
6.2823,7.56278,8.18163,A
6.65474,6.94041,7.15263,A
6.37516,5.93817,7.90724,A
7.06988,8.87949,8.38567,A
6.54091,5.66099,7.52184,A
7.03576,8.15314,6.99019,A
6.69877,7.96238,10.8427,A
6.76035,7.62622,7.29765,A
5.52463,7.35619,8.27462,A
6.45635,7.8025,6.38784,A
5.22799,9.50774,8.13037,A
5.70894,8.73551,9.75475,A
7.2452,8.50685,6.83095,A
6.25003,6.6776,8.79968,A
5.65512,8.40568,6.82787,A
6.39131,6.98213,8.01445,A
6.35811,7.11946,10.4263,A
6.50557,7.8229,10.1144,A
6.95145,8.06397,7.36278,A
6.27921,7.33416,9.04234,A
6.73449,7.01838,7.89382,A
6.25352,7.50739,8.69152,A
6.81736,7.7255,7.35648,A
6.94858,7.28385,8.46585,A
5.54296,8.09776,9.521,A
6.05086,6.6112,8.31389,A
6.97187,8.78076,5.76669,A
7.47014,6.67959,8.78635,A
6.38401,8.6771,9.03443,A
6.70678,8.38935,6.75208,A
6.1948,6.89395,8.54197,A
7.13217,7.84649,7.69547,A
6.87737,7.04133,8.99056,A
7.57948,6.40498,8.24746,A
6.04449,7.66983,8.63303,A
5.6784,7.36842,8.1868,A
7.93008,6.83825,8.91669,A
5.8888,8.46808,6.96613,A
6.5911,7.30919,7.24782,A
7.2464,8.38921,7.77407,A
6.62753,7.1534,9.9932,A
7.36855,7.12001,8.44039,A
6.969,6.37209,7.92544,A
7.5408,7.72375,7.42284,A
6.58125,7.63922,9.20758,A
5.21711,8.73676,6.9363,A
5.89167,7.33431,7.47686,A
4.46185,10.1891,9.53806,A
5.73013,8.15699,7.67546,A
6.13736,6.79552,9.47561,A
7.56247,6.50852,5.61145,A
6.70981,8.70439,8.61292,A
7.73879,6.34796,8.43227,A
5.86824,8.35086,7.95006,A
6.75706,7.42645,7.39819,A
6.76299,8.4958,7.18178,A
6.64104,7.55503,7.41427,A
6.76482,8.25739,7.90341,A
7.08509,5.93994,7.69025,A
6.77119,8.96666,7.8716,A
5.92567,8.11671,8.89282,A
5.56517,7.79332,9.32874,A
6.10338,6.38172,7.57502,A
7.5218,7.51763,7.8037,A
7.84924,5.97801,8.30626,A
5.88168,6.61953,7.33038,A
5.32326,8.738,9.01504,A
5.95898,6.40153,8.29191,A
6.20847,7.49001,7.56986,A
5.31102,8.14284,8.01468,A
7.78603,7.23723,7.56064,A
5.70708,8.73661,6.39315,A
8.03259,6.95204,7.5606,A
5.93097,7.44178,7.59254,A
6.8883,8.57666,7.7549,A
6.65238,6.83358,6.52701,A
6.87851,6.41339,6.46672,A
6.35086,7.66406,5.76754,A
6.20625,6.93676,6.50623,A
7.2861,7.0422,9.76097,A
6.75211,6.6346,9.35069,A
7.04494,7.13704,7.85122,A
8.34947,7.26401,6.21164,A
5.81741,7.53782,8.78972,A
6.4256,6.68813,8.41243,A
6.9376,8.7799,8.58878,A
7.17782,6.89049,9.85569,A
6.97309,9.16511,7.43597,A
5.46519,8.12843,7.26801,A
6.67084,6.14886,7.19307,A
7.16053,5.24428,8.63719,A
7.61576,7.5749,6.95407,A
6.61242,7.81557,8.44349,A
6.1405,8.15814,7.19854,A
5.50256,8.07873,9.90888,A
6.94455,8.36893,7.40287,A
6.33539,6.3292,7.74887,A
6.66003,5.35368,9.14372,A
7.67864,6.8037,6.05846,A
5.26396,7.85725,7.88943,A
6.34726,9.0522,7.86127,A
6.85216,8.69856,8.93912,A
7.03612,7.26221,8.36508,A
7.3155,7.4818,9.38474,A
5.70313,7.54852,8.21904,A
6.93949,8.02889,6.20127,A
6.79395,6.57908,10.2092,A
5.21852,6.60569,9.77833,A
5.24828,8.28892,9.2277,A
6.80246,7.8369,10.1167,A
5.89155,7.20813,7.6905,A
6.69992,8.36767,7.72007,A
6.69572,8.17554,9.35662,A
5.42978,7.51583,8.18866,A
5.59863,7.00203,9.38835,A
6.84071,7.82783,9.70521,A
5.88063,8.09734,9.52535,A
6.70672,7.9495,8.79684,A
7.1904,8.07898,6.41671,A
7.643,6.20005,8.02487,A
6.64491,7.73278,8.04739,A
5.02439,8.56421,7.44428,A
6.15052,7.3455,8.32326,A
6.91346,6.88033,7.36271,A
6.35803,7.10733,8.18633,A
6.01031,8.68683,8.32398,A
6.80096,8.1012,9.10342,A
7.41327,8.04098,7.70056,A
5.79776,7.09759,7.07586,A
7.0657,8.55438,6.59335,A
6.01317,7.0126,6.70115,A
7.04899,8.43046,7.5266,A
5.67062,6.91729,8.76098,A
6.82798,7.24845,8.96705,A
6.05861,7.00421,7.62049,A
7.75383,6.92697,7.69693,A
5.59469,7.99853,8.1444,A
6.93601,6.94402,6.99405,A
6.2454,7.23614,8.47321,A
7.11584,7.33447,7.05069,A
6.84644,8.26754,7.8586,A
6.34856,7.17579,6.84756,A
5.72262,8.69616,9.04682,A
5.71275,7.82829,8.9652,A
6.20281,8.7236,7.29077,A
5.873,6.70133,8.06519,A
7.73491,6.67649,5.90627,A
6.99223,7.3751,7.43293,A
5.94708,8.30364,7.97114,A
6.86561,7.37497,6.90603,A
7.45372,7.70467,8.66061,A
5.98445,6.52681,7.33991,A
6.91367,7.0176,6.17961,A
7.05882,6.32419,8.76015,A
6.75851,9.23779,7.11327,A
7.19718,7.78043,8.79457,A
6.46684,7.51208,8.39394,A
6.63795,5.92365,6.9159,A
7.01114,5.60602,7.43986,A
6.75951,7.58214,6.48115,A
6.66141,6.74976,6.11142,A
7.83523,6.50074,9.49414,A
5.64261,7.72902,7.25932,A
7.13223,8.83777,6.56132,A
6.95393,6.86868,9.61555,A
7.11567,8.36223,7.04908,A
5.26659,7.20417,9.75701,A
6.53743,7.28816,9.50478,A
5.49587,7.65562,8.16041,A
5.00154,7.51281,8.80533,A
6.34603,6.83196,7.75199,A
6.71817,6.97746,7.38584,A
6.86298,7.84886,7.58755,A
6.8042,6.09363,7.21903,A
6.15971,7.67577,8.86527,A
6.3922,7.71427,6.53818,A
7.64267,7.38508,8.3063,A
6.71042,7.688,6.79591,A
6.29614,9.16044,6.87929,A
6.05077,7.19607,8.59793,A
7.50396,6.8034,8.40819,A
5.86386,8.89845,8.70359,A
6.65631,8.39161,9.55084,A
6.23399,9.77403,9.33835,A
6.98827,7.67401,8.23294,A
6.56813,6.04918,9.64991,A
6.13985,6.78096,9.25099,A
6.45395,7.52126,6.81519,A
5.6408,7.07056,7.66134,A
4.98346,8.46444,7.52319,A
6.67195,7.33018,7.17663,A
6.49892,8.76073,6.48352,A
7.71392,8.00954,6.91898,A
6.9457,8.4634,7.73389,A
5.98705,7.64892,7.65654,A
7.24735,8.05796,8.15499,A
6.96638,6.83398,7.28027,A
7.60909,8.23781,5.29333,A
6.10815,7.53102,7.22311,A
6.79725,5.741,8.1266,A
6.76358,6.74382,8.41448,A
7.16748,7.90041,9.17208,A
7.48578,6.61916,6.18968,A
7.72604,6.51377,6.56902,A
5.83201,6.88852,8.12944,A
6.20092,7.15038,9.13418,A
5.93869,7.66732,8.23155,A
5.94186,5.79814,9.30359,A
6.31872,6.29911,7.99738,A
6.8308,7.67803,8.64048,A
5.8265,8.36332,8.96362,A
5.57048,9.14092,7.37462,A
5.99646,6.89415,7.82616,A
5.8193,7.44295,8.85851,A
7.45714,6.0069,9.38491,A
7.71665,7.7375,7.73816,A
7.55707,6.47363,5.56146,A
7.20359,5.62966,9.24218,A
8.18139,6.98887,6.80373,A
7.52542,7.67021,8.67906,A
5.81298,8.04249,7.30488,A
7.31609,6.31286,6.88093,A
7.69652,6.17792,8.53512,A
5.6802,6.38157,9.81926,A
5.83229,6.72529,8.60531,A
5.11957,7.0084,9.10942,A
5.49808,8.1337,7.63847,A
4.82491,7.72459,9.15494,A
6.67548,8.32803,10.0708,A
7.62592,7.05389,7.93584,A
5.96985,8.79726,5.78128,A
7.01027,7.68288,7.90738,A
6.11471,7.25269,9.52196,A
3.92488,7.36341,7.07392,B
5.76474,7.42152,6.28276,B
4.81159,6.73099,6.46968,B
5.18907,6.58215,8.35666,B
3.89498,8.66101,7.83511,B
5.22771,6.35283,7.02371,B
3.69425,6.91193,6.47661,B
5.81189,5.63948,7.13415,B
4.52351,8.13013,8.52601,B
5.08809,6.20105,9.89756,B
4.71715,5.30051,8.14537,B
5.59775,7.91605,5.24086,B
3.71929,6.55126,6.02071,B
4.07283,5.46664,5.32396,B
5.2316,7.0498,6.73171,B
3.91455,6.62566,8.45474,B
3.22152,5.58981,7.11874,B
5.18016,6.5294,5.69851,B
5.58026,7.33859,6.91188,B
3.74336,7.02426,5.53048,B
5.66736,7.09066,6.93999,B
4.36749,6.68381,7.15383,B
5.85443,5.19512,8.53487,B
5.10155,7.43551,7.48728,B
5.63541,6.68535,5.35544,B
3.19743,6.60729,8.78559,B
4.67596,6.49442,6.97541,B
3.77329,5.07035,5.64421,B
4.81228,7.0921,7.9042,B
4.30503,6.56537,7.56828,B
5.22067,7.09397,8.60304,B
4.57878,7.02549,8.15528,B
4.75656,6.29383,5.73309,B
5.09724,6.35519,7.92459,B
5.32462,5.41289,5.90327,B
5.67997,7.17026,6.97932,B
4.23159,7.41218,7.59354,B
5.04294,6.83916,8.18007,B
4.26165,6.56225,7.49404,B
5.12356,7.40222,7.4763,B
5.4751,5.13543,9.78739,B
3.2912,6.29561,6.93062,B
5.86702,6.78122,6.79618,B
5.40641,6.84598,7.84298,B
5.44228,6.58618,6.85869,B
3.2944,6.45867,6.90135,B
2.37029,4.8273,7.31362,B
4.25066,5.64928,6.53221,B
3.10677,7.50927,10.1266,B
5.12718,7.511,7.01943,B
4.08031,7.4834,9.29813,B
2.07258,5.8974,6.97832,B
5.03765,6.66273,6.70418,B
4.9215,7.7709,7.03563,B
3.43036,6.78989,6.5547,B
4.205,8.32073,8.893,B
4.76715,6.68613,8.63334,B
6.02537,6.00237,7.15462,B
5.82095,6.74942,7.26813,B
4.05988,4.52001,8.43011,B
4.79317,6.40448,6.45292,B
2.7515,7.77481,8.39393,B
5.65771,5.83088,6.76192,B
4.22909,7.96737,6.54569,B
3.45691,7.8914,7.70411,B
2.73,6.12563,7.45735,B
4.9608,6.11935,6.43605,B
3.67658,5.94897,7.83997,B
4.0379,5.39367,5.75935,B
5.23988,6.94641,6.66982,B
4.15362,6.28454,9.29245,B
3.51656,6.35637,7.04607,B
4.91037,6.73777,7.01451,B
3.53668,6.93272,9.15062,B
4.08962,6.67249,7.54619,B
4.83795,6.10027,9.27551,B
5.974,6.17223,7.6277,B
3.78924,8.64234,9.35386,B
3.68658,7.0478,5.46545,B
3.97867,5.51717,8.41818,B
4.44629,7.52315,7.53915,B
5.55441,7.33767,6.85917,B
4.63276,6.36988,7.89415,B
3.1544,5.96499,9.80578,B
4.83601,6.78991,7.84687,B
4.30863,8.25735,6.66371,B
4.80778,6.38358,7.65744,B
4.13325,7.59483,5.60786,B
6.3071,5.48707,7.36971,B
4.65269,7.65014,8.46681,B
4.44951,5.90675,6.40635,B
3.99408,7.55851,8.63887,B
5.30397,8.05364,6.2976,B
5.20836,5.79725,7.26485,B
5.2339,6.4906,6.36144,B
4.32448,6.1774,7.37056,B
3.73977,5.56984,8.16483,B
4.91419,6.02388,7.2502,B
5.08338,6.1497,7.92854,B
5.2781,4.45629,7.53251,B
5.48563,5.78911,6.74576,B
3.57148,6.60472,6.37414,B
4.88894,4.54795,6.04685,B
5.93021,4.66433,8.22257,B
5.48612,5.93359,7.15815,B
5.80284,5.96729,7.62116,B
5.6336,4.97399,8.66431,B
5.34755,5.20156,6.71085,B
4.79875,5.94846,5.99743,B
5.33473,6.50369,7.08105,B
5.44344,7.04607,6.14428,B
4.71823,6.07036,8.90658,B
4.52715,7.62868,9.53993,B
4.88949,5.00938,6.36733,B
4.78043,8.36498,5.35599,B
2.01304,6.80776,8.20758,B
6.28431,6.0854,6.81199,B
4.89814,6.95673,6.51964,B
6.15865,6.37935,6.44054,B
5.76813,6.61661,7.62394,B
4.92824,7.64744,6.46206,B
4.29574,8.13191,8.35312,B
6.06632,6.34118,6.32011,B
3.65131,6.81631,7.14939,B
5.56121,6.41703,5.93137,B
5.74385,5.68551,8.06735,B
5.18253,6.71604,6.49976,B
5.49481,6.14461,6.62369,B
4.69547,7.15196,9.28728,B
5.2123,6.39554,7.06467,B
5.11405,6.76685,7.36596,B
4.04841,5.95617,7.09592,B
4.98295,6.44677,7.20876,B
4.76683,5.88486,6.03034,B
4.19186,6.27374,5.95297,B
5.68874,6.58047,7.68698,B
6.31368,6.63114,5.53942,B
2.34383,5.75112,7.67151,B
4.2743,6.66221,7.94015,B
4.99364,4.54983,8.30104,B
3.2298,5.98309,8.86512,B
4.25808,3.76175,7.10076,B
5.53256,6.8467,6.8312,B
3.32881,7.37582,7.5709,B
3.50747,4.99329,7.26841,B
3.26539,8.17851,7.30295,B
4.5692,7.268,6.6774,B
5.44489,6.46402,7.85288,B
5.58211,6.82057,7.3724,B
5.8569,6.34428,5.51163,B
4.02443,6.58005,9.17367,B
3.17871,6.58596,8.54083,B
4.26054,7.15185,8.88797,B
4.43092,6.64258,6.79898,B
3.95981,5.97117,8.20656,B
3.51703,5.28492,6.9743,B
5.3892,6.82116,7.69756,B
4.17112,7.40025,8.13219,B
4.78081,8.49284,6.54288,B
5.33089,7.28322,7.50242,B
4.95451,6.43076,5.63272,B
2.45538,4.72958,8.1537,B
4.55195,8.19909,8.17227,B
3.76516,6.78757,7.92122,B
3.70546,6.22855,7.09652,B
5.44125,6.71745,6.68008,B
4.39042,7.11098,7.76545,B
4.0277,6.32349,9.2736,B
4.84222,5.93677,7.97811,B
4.04808,5.86184,6.0619,B
4.10335,7.09208,8.23296,B
4.28855,6.33315,8.26937,B
3.99541,6.28971,8.08555,B
4.37301,5.21472,8.34382,B
4.73658,5.95871,7.31347,B
4.59504,7.69718,7.28672,B
6.03909,6.69174,6.37522,B
3.99758,7.9424,7.67543,B
3.47147,7.76425,7.73233,B
5.10155,5.17384,8.39612,B
4.19376,7.21452,8.58267,B
3.68314,6.98445,7.70637,B
3.12428,5.79002,8.94303,B
5.91911,4.34926,8.93807,B
4.68252,6.31468,6.44805,B
3.27518,7.95312,7.06705,B
4.82922,8.08868,8.04535,B
3.13832,3.77713,10.294,B
5.64401,6.32306,7.15116,B
5.48956,7.1451,7.44831,B
2.73246,6.52561,7.96563,B
5.41206,7.1023,7.35891,B
5.38525,5.59921,8.62893,B
5.69785,6.55558,6.94078,B
4.98445,6.67361,7.5442,B
4.05081,5.32657,7.0163,B
4.38195,6.73856,6.77085,B
4.50703,4.58927,7.95601,B
4.52043,7.21868,7.35178,B
4.62087,5.86313,7.62348,B
4.5108,5.93286,6.42631,B
4.95016,7.15682,8.06287,B
4.07309,6.09825,8.27706,B
5.38253,7.1108,7.42452,B
5.03784,6.10234,7.12058,B
3.89076,7.19145,7.49971,B
4.78373,6.06307,7.82514,B
4.39759,5.68597,7.27607,B
5.37969,5.95133,8.07235,B
3.22671,7.98651,8.72525,B
3.71721,4.50359,7.73632,B
5.13889,7.3711,8.11635,B
5.05299,7.71649,6.85551,B
5.28898,6.7554,7.87473,B
5.47579,6.31323,8.09432,B
6.24999,6.95944,5.51467,B
5.48092,5.89545,6.00176,B
4.32923,5.89142,8.39266,B
4.89995,5.73132,7.80291,B
2.5401,7.82137,7.75426,B
3.62944,7.15794,6.97434,B
3.56145,5.93442,6.83818,B
5.04344,5.04804,7.60511,B
4.54582,5.72441,7.457,B
4.51149,6.37731,7.2843,B
5.77203,7.27214,6.2014,B
5.25986,6.53107,6.95279,B
4.20824,7.5072,7.629,B
5.49478,6.30028,8.01506,B
3.84554,5.86165,9.52987,B
4.92043,6.95286,6.30666,B
4.19344,4.72865,6.19884,B
4.08062,7.61316,8.86207,B
3.17303,5.35669,8.41703,B
4.54172,9.00064,7.37193,B
4.60514,5.89729,6.49638,B
5.14261,7.94381,7.27244,B
4.09214,6.91714,5.62879,B
3.37249,5.30377,7.98441,B
4.38746,6.28785,7.31598,B
4.38358,6.27162,6.81703,B
4.82663,7.01713,7.07962,B
5.84344,6.87421,6.75794,B
4.20245,8.14926,9.07313,B
4.45859,6.55231,6.02893,B
5.07548,6.09952,7.74375,B
4.38805,7.18923,8.73738,B
3.74964,7.90731,8.60285,B
4.56305,8.29406,6.47072,B
4.68607,7.25397,6.78598,B
4.33953,7.37011,6.97319,B
4.01881,6.87844,8.71957,B
2.18465,6.88224,6.04943,B
4.50729,6.20856,7.7403,B
5.27757,8.17097,6.66951,B
2.31443,4.93658,7.25641,B
4.17791,6.51663,6.59969,B
4.60123,7.31945,6.89817,B
5.54586,6.16965,5.64948,B
3.94432,6.28541,6.50152,B
6.18496,5.87818,6.84009,B
5.42224,5.23285,8.02572,B
5.26329,5.84866,8.60413,B
4.27812,5.91271,7.53605,B
5.08114,7.88043,6.174,B
4.49053,6.77332,7.11322,B
4.63609,7.97103,6.78964,B
4.2806,5.82208,8.45302,B
4.8141,7.1944,8.11904,B
3.95166,6.17528,8.99569,B
6.05425,5.44137,7.33379,B
5.74589,6.9666,7.1776,B
4.91955,6.21039,7.7844,B
3.2904,5.78552,6.79658,B
5.12159,7.25883,7.54842,B
4.81783,6.56264,7.55353,B
5.46621,5.38079,6.4175,B
3.47441,9.07123,8.14937,B
5.01653,7.25256,6.94458,B
5.46265,7.2061,5.93843,B
3.70372,6.60671,6.61829,B
4.75262,7.002,8.43874,B
3.76752,6.71099,7.25448,B
4.21248,5.94976,8.23292,B
4.02783,5.29441,7.10835,B
4.97478,7.68143,6.73363,B
4.51927,6.21936,6.92995,B
4.46772,6.92038,8.42542,B
2.60655,6.56353,6.18107,B
3.87411,6.21968,8.8332,B
4.47545,7.76439,6.52867,B
3.57517,6.81854,7.62652,B
5.98761,5.05266,6.77031,B
4.73309,5.97303,7.80612,B
3.962,6.41652,7.12041,B
3.30294,7.92507,7.16357,B
3.92437,5.15132,6.80948,B
4.20249,6.67038,8.09497,B
4.35465,7.11226,8.02256,B
5.12886,7.29149,5.90645,B
6.12875,5.72416,7.65403,B
6.03192,5.58772,7.78294,B
4.93662,6.62395,6.29649,B
5.51565,7.17846,7.51023,B
4.46946,5.85929,6.89386,B
4.2836,6.20432,7.04305,B
5.49404,4.48712,8.01022,B
4.16303,5.59814,7.68655,B
4.05694,5.91421,8.68222,B
5.28578,7.75979,7.03844,B
2.4798,6.71111,6.40409,B
5.27636,5.74504,9.05285,B
4.95968,7.28715,8.69318,B
3.33843,7.40995,8.13056,B
5.08335,7.21529,7.57348,B
4.30215,7.62224,8.2607,B
5.03881,7.07542,8.68283,B
4.14231,8.66268,8.04792,B
4.9753,7.04197,7.85253,B
2.67384,7.25575,7.60455,B
4.1499,4.68075,6.47316,B
5.31463,7.41836,7.28101,B
5.67803,6.51639,7.40352,B
3.81084,5.49777,8.55335,B
5.10407,6.30866,8.19831,B
6.6905,5.80449,5.97898,B
5.6548,7.0975,6.94724,B
3.80701,7.50632,6.51692,B
5.13931,7.7585,6.74157,B
2.98382,5.75894,5.84614,B
4.52268,6.80986,7.42583,B
5.36278,7.20703,7.0713,B
3.19737,5.9985,7.58107,B
5.4868,6.65948,7.75876,B
4.6432,5.92314,7.66415,B
5.77213,6.39481,7.80052,B
4.91858,5.47443,7.37204,B
4.78816,7.33063,8.82894,B
3.95175,7.45574,6.03556,B
5.63757,5.33542,7.70255,B
5.70304,6.01936,7.1391,B
5.15443,8.03397,6.56633,B
4.80719,6.62075,6.93903,B
4.17901,6.79609,6.10711,B
5.26294,5.80623,7.45451,B
3.79331,6.7755,7.82629,B
4.34219,5.69085,5.43572,B
5.87568,6.89858,6.67984,B
2.82973,6.29583,6.69389,B
3.5424,5.62644,8.71119,B
4.96315,5.80921,7.74144,B
4.67262,6.29419,6.74277,B
5.43698,7.03983,7.66735,B
5.76001,6.46709,7.73406,B
2.739,6.55582,8.30187,B
4.17739,6.0329,9.35865,B
5.56272,6.61185,7.43,B
4.04362,6.99843,6.9616,B
5.27146,7.16379,7.21864,B
4.1689,4.38757,6.2893,B
5.33207,7.93367,6.38252,B
2.23805,6.11011,8.23031,B
4.48848,7.35944,7.15083,B
5.41354,5.90778,8.81711,B
4.48662,6.60396,5.9129,B
4.66965,6.19006,8.05956,B
1.84732,6.40722,8.09469,B
5.36019,5.35381,8.79437,B
6.08643,5.67139,7.82989,B
5.34887,6.77542,8.12641,B
3.2112,6.58856,6.35577,B
4.43298,6.02384,6.06657,B
5.76677,5.93783,7.50544,B
3.71941,6.48108,7.29952,B
5.46653,6.91164,6.98278,B
5.3111,4.50743,6.98598,B
5.84438,6.39604,7.36601,B
5.52604,6.99763,7.77161,B
5.58661,4.69738,6.78573,B
4.41168,6.54527,7.72041,B
3.47615,6.72267,8.16155,B
3.87305,4.78739,7.21962,B
5.3089,7.21371,7.9946,B
3.25511,7.05268,6.84658,B
5.07186,8.06427,7.31517,B
5.32596,7.44298,6.88633,B
5.18786,7.66455,7.3209,B
5.77388,6.31436,6.79042,B
4.48364,5.88145,7.63389,B
6.19336,3.78117,6.74514,B
4.00024,7.75052,6.39035,B
3.3117,6.3942,9.40387,B
2.29246,5.87237,7.83102,B
2.98653,7.96568,8.35713,B
4.63732,5.83515,6.58456,B
5.38667,4.73158,10.0381,B
5.82094,5.92928,6.02966,B
4.91889,5.27643,6.22485,B
4.84131,7.72947,6.88769,B
3.92035,7.16132,8.56029,B
4.71009,6.93198,8.50275,B
4.35417,7.82026,6.16498,B
4.75788,6.54983,9.0449,B
6.06174,5.45877,8.18294,B
4.25053,6.33146,7.586,B
3.04721,7.43124,7.36609,B
3.19371,5.92908,6.88634,B
3.96707,6.67371,7.37211,B
3.68042,5.96781,7.42076,B
5.21732,5.51852,7.67209,B
3.01339,7.46829,6.25169,B
2.98611,6.40729,7.56303,B
5.19602,6.94699,8.10718,B
3.15341,7.13457,7.62516,B
5.17988,6.54578,7.29221,B
2.50495,7.70362,9.3261,B
5.25934,7.12014,7.19396,B
4.40336,6.03659,6.79835,B
4.62022,5.69598,8.65828,B
6.10614,6.88212,5.51405,B
2.9964,6.79345,7.6565,B
5.38441,7.34619,7.50289,B
4.82226,7.31473,8.48971,B
6.07874,5.65102,7.61663,B
3.89569,5.38508,6.35004,B
4.89821,7.48404,8.3568,B
3.60306,5.88451,5.88506,B
5.07443,7.58944,6.43192,B
4.15483,6.66447,7.40133,B
4.12478,6.93911,6.48404,B
5.5272,6.21462,6.49307,B
5.81991,6.8057,7.11922,B
2.35792,7.32733,8.17294,B
2.2894,9.13408,8.71035,B
4.78657,6.24044,7.62421,B
3.67518,5.51888,7.87837,B
5.01249,7.22802,5.91952,B
6.6672,5.23931,5.63003,B
4.62776,7.62866,7.15972,B
4.81754,5.12572,8.15849,B
4.61674,5.52516,8.23453,B
5.16363,8.08806,5.95235,B
3.19201,6.53553,8.74245,B
3.46461,7.7624,5.88636,B
3.49024,7.05724,7.40855,B
4.28554,6.79078,6.01618,B
5.75047,4.54913,8.05049,B
4.09445,7.02656,6.99585,B
5.17829,6.69867,8.09286,B
5.51705,6.13009,5.9561,B
4.88558,7.80128,8.56472,B
5.0957,4.63824,7.46295,B
5.2201,4.89906,8.72104,B
5.382,6.33025,7.6386,B
3.71791,7.79389,5.89663,B
4.41098,5.40394,7.48549,B
4.75544,6.71755,6.18374,B
4.79284,7.64819,6.71603,B
4.55478,6.87312,6.30931,B
4.45037,7.27736,7.31609,B
4.14904,4.46402,8.25539,B
4.27663,6.3759,8.19704,B
4.99164,6.19552,9.51322,B
5.13685,6.20982,7.50384,B
4.29464,5.92974,7.56489,B
5.20293,7.06441,6.97036,B
2.9576,7.67317,7.65866,B
3.92768,6.07377,8.94925,B
5.30984,7.34118,6.81845,B
4.2526,6.66686,7.12439,B
2.78902,6.02765,6.39163,B
4.37431,6.5961,7.53112,B
3.45068,6.85058,8.10025,B
3.69719,6.07702,6.83222,B
4.57224,7.53059,9.93995,B
2.69197,5.95351,7.773,B
5.82988,6.79472,7.11097,B
4.35266,7.42293,8.66763,B
4.50959,6.22651,6.61855,B
3.1696,7.64192,8.08198,B
4.49486,7.04845,7.16275,B
5.36789,7.44591,7.49056,B
4.47419,5.54102,7.85918,B
4.18722,5.30685,7.70266,B
4.33507,7.33531,8.65291,B
4.96679,5.97367,7.85105,B
2.91855,7.19243,8.92501,B
5.61152,6.89176,7.07536,B
5.20222,9.01418,5.4753,B
4.59758,6.50863,6.27184,B
4.86414,5.70563,8.20085,B
5.12074,7.81116,6.82077,B
4.14854,6.45228,6.6679,B
4.81119,6.1188,7.63273,B
3.14084,5.05863,6.70486,B
3.28749,7.63664,5.45138,B
5.07901,5.70611,8.28393,B
5.70234,6.51647,6.87879,B
3.50292,6.14613,7.93393,B
5.30779,7.59611,7.51597,B
4.70271,6.93312,5.18007,B
4.12028,5.99672,8.28097,B
5.76073,5.26066,5.77089,B
5.37031,6.36573,7.41781,B
4.31212,6.72688,6.61264,B
4.12485,5.41311,6.77238,B
4.03009,4.89428,6.6543,B
3.70991,5.84017,9.43991,B
4.52038,6.23064,7.39242,B
3.63677,6.27712,8.49289,B
3.97264,7.31574,6.36963,B
5.5599,4.64489,8.32168,B
3.08176,7.1254,7.06471,B
4.6905,5.31366,8.48377,B
5.08569,5.32982,8.37419,B
5.97979,5.82237,4.90922,B
4.91003,7.35843,8.92311,B
4.23791,6.9344,6.15358,B
3.6289,7.38277,7.77316,B
5.21584,7.26583,7.98351,B
4.89807,6.23784,4.45283,B
5.05372,6.63659,7.4787,B
7.26132,4.26019,4.88622,B
2.44703,5.30584,8.84887,B
4.26427,9.30995,8.05246,B
5.57866,5.89519,6.86636,B
5.51048,7.13107,7.2497,B
5.03574,8.31566,7.26485,B
4.55344,7.22171,9.13279,B
1.91881,7.79364,6.28946,B
4.30351,6.54416,6.91471,B
4.35623,7.89281,6.39855,B
6.42247,5.81594,6.67697,B
5.76098,5.99402,8.14008,B
4.25882,7.01091,7.76315,B
4.97366,8.34907,7.15514,B
3.6419,5.86047,6.87934,B
5.51941,6.89792,6.38483,B
4.67951,7.17799,8.53367,B
5.0763,7.84363,6.31449,B
5.03142,6.31127,7.14971,B
5.28797,6.60517,7.04464,B
4.78824,8.0115,7.58632,B
4.28617,5.50925,7.66849,B
4.15882,7.3116,7.45263,B
5.15511,8.35594,6.37337,B
6.2992,5.77133,6.12117,B
5.27244,5.79761,7.44538,B
4.25518,5.01741,6.63882,B
4.98811,6.08113,7.12236,B
5.10034,7.84772,7.09401,B
5.23306,7.34137,6.77965,B
5.05522,6.43889,9.88432,B
4.36923,6.02722,9.61698,B
5.22712,6.31651,7.53875,B
4.28723,7.1068,8.06479,B
4.1737,6.26569,6.42019,B
4.54113,7.95737,6.4727,B
3.27343,5.63216,7.56536,B
5.78434,6.20961,6.7751,B
6.27094,6.31735,6.33734,B
4.1527,6.0816,7.25009,B
5.53562,5.72737,6.61531,B
4.9067,7.38849,7.46124,B
4.57382,6.45835,9.18803,B
5.14458,6.54974,7.9019,B
3.72304,5.27784,9.12669,B
5.1015,6.24667,7.27356,B
5.59013,7.32699,7.0286,B
5.02322,6.65444,7.97932,B
5.51851,5.35615,6.06325,B
5.20712,7.60192,6.76807,B
3.97413,7.61604,7.58407,B
5.0667,5.66167,7.47794,B
4.31209,7.93418,6.48893,B
4.99489,6.42654,6.99885,B
4.54679,5.733,7.41692,B
4.52759,6.45287,7.98637,B
6.44473,5.9972,6.27089,B
6.03185,5.49585,6.89905,B
4.49694,7.73111,8.79976,B
5.02211,6.42114,6.79277,B
4.15745,5.83724,7.31162,B
3.55064,6.5098,10.2111,B
5.32067,6.1231,7.48847,B
3.88706,6.71012,8.15155,B
4.22299,6.23483,6.69945,B
4.57114,6.38843,8.2437,B
4.69824,8.10788,7.00031,B
4.01172,6.76692,8.11087,B
4.47872,8.08239,6.98116,B
4.41346,7.76525,8.52064,B
4.74474,7.27646,5.92894,B
3.02473,5.97616,6.98251,B
4.81408,3.87724,7.75308,B
5.17155,6.37981,6.57946,B
6.63286,5.49524,6.59444,B
3.65701,7.74856,8.08651,B
6.03414,6.0003,6.58026,B
4.81053,5.95922,9.04514,B
5.25093,5.85782,8.60261,B
3.64319,6.63134,7.63585,B
5.73193,7.13855,5.26108,B
5.05316,5.71126,7.79343,B
6.39284,6.25038,6.19854,B
5.80479,6.95585,6.52798,B
4.61179,7.19613,7.17207,B
4.74222,5.87606,8.13918,B
4.34484,7.75305,9.52881,B
3.96261,6.83974,6.94418,B
3.86906,7.50445,8.51496,B
4.67203,7.14431,7.66434,B
4.69472,6.44174,8.44568,B
2.51674,6.03857,6.14222,B
4.14067,5.94767,7.08185,B
5.08817,7.08058,5.984,B
4.51638,5.39163,7.90423,B
3.98905,8.08354,6.78995,B
5.33943,6.51451,7.68071,B
5.59033,6.98664,6.4601,B
5.41048,5.62173,7.67671,B
5.42396,7.01549,5.43762,B
4.62825,5.86878,6.82902,B
4.16272,5.40195,8.29758,B
4.66414,6.91874,8.67119,B
3.29122,6.66318,7.42151,B
3.76397,6.04857,7.68903,B
5.12398,5.10596,8.2,B
3.5326,5.70266,7.05703,B
4.98638,6.12794,8.67714,B
5.41446,6.90391,7.21265,B
5.65106,6.8029,7.35992,B
4.15425,6.34771,8.64023,B
2.68148,4.03565,5.7285,B
2.33928,7.1725,8.56657,B
3.93064,6.71392,6.8224,B
4.25182,7.93842,8.27692,B
4.57734,8.7654,6.60175,B
3.81097,6.01089,6.71504,B
1.94566,4.69896,6.81979,B
4.85986,5.44354,8.98771,B
3.09887,7.09303,6.7043,B
5.90336,5.96793,7.95422,B
5.39662,6.3841,6.11024,B
3.58182,6.58583,6.9533,B
4.37983,5.90846,8.74899,B
4.90986,5.70461,8.70598,B
3.3881,6.86088,6.58918,B
4.18903,6.43456,6.68773,B
5.42413,6.44424,7.12857,B
5.02736,6.54585,7.15426,B
4.65622,6.94512,9.36596,B
4.61426,6.81583,7.25054,B
4.32614,6.14472,7.4517,B
4.13571,5.21086,7.67071,B
4.47385,7.19105,7.04486,B
5.44963,6.78347,7.09709,B
3.67136,6.05575,7.10193,B
5.81327,6.38258,7.59396,B
4.83588,6.72356,5.70899,B
6.12815,6.36721,6.48225,B
5.25408,5.67405,6.40831,B
3.60559,6.25552,8.0853,B
4.40898,5.66898,7.35289,B
5.91646,5.06051,5.79548,B
5.2325,6.58094,7.20189,B
3.95695,7.12742,7.98768,B
5.12139,7.45287,8.15373,B
4.94766,6.27062,7.72186,B
4.8264,7.1703,6.31176,B
4.96148,6.25971,7.67463,B
4.47171,8.15865,7.32606,B
4.34841,5.25743,5.93747,B
4.73772,6.59293,7.4588,B
4.26293,5.94799,7.40421,B
3.71686,6.6815,8.8069,B
4.26385,5.84878,7.42213,B
5.76149,6.52652,7.3628,B
4.98494,7.10564,7.03547,B
3.01909,6.64027,6.03824,B
5.8872,6.16932,7.11081,B
5.2083,6.67553,8.95276,B
5.63924,6.28905,6.63653,B
4.1504,7.32013,7.36953,B
3.9388,7.83574,9.44788,B
4.80088,7.01769,7.87828,B
2.9812,5.55657,6.23432,B
4.74272,6.26129,8.11813,B
4.38741,5.55645,7.2794,B
3.9914,6.16783,5.9548,B
4.47171,6.93781,7.53297,B
5.42438,5.76514,7.19395,B
5.77932,5.34229,8.29618,B
4.98985,7.60944,5.50843,B
6.18314,6.4624,6.12374,B
5.19467,7.37364,6.64232,B
5.60462,6.80314,5.62222,B
5.071,7.20551,7.80217,B
4.70165,7.02571,9.23039,B
3.90154,7.03067,8.20408,B
4.79435,6.10516,7.04011,B
3.88934,8.45006,7.05369,B
5.64703,5.9976,7.5372,B
4.46022,5.85071,6.57218,B
5.31725,4.65938,6.04306,B
6.14674,6.06109,6.15534,B
4.60843,6.70467,7.4504,B
4.6717,5.58462,7.77812,B
6.02371,4.70186,7.3417,B
5.12121,5.86939,7.88738,B
4.40076,7.00067,6.09871,B
5.04994,6.63016,7.09576,B
3.11016,6.72124,7.22442,B
5.40272,5.2294,8.78671,B
5.76762,6.74453,7.06167,B
3.26734,5.66692,9.02085,B
4.45857,5.91241,7.18342,B
6.05409,6.22583,7.15086,B
3.9912,7.07806,7.4135,B
5.51004,6.78094,7.97111,B
4.28692,5.64889,6.7166,B
4.27389,6.44947,7.4836,B
4.46631,6.97029,9.60093,B
4.03258,5.98999,6.9669,B
4.29897,8.09619,6.42986,B
4.03299,6.13237,7.39559,B
3.86995,4.87394,8.75887,B
5.32656,6.10337,7.43263,B
5.68071,5.32141,7.7199,B
5.34222,6.06428,7.3257,B
4.58316,7.36288,6.79691,B
4.23296,6.96715,7.44472,B
2.28655,6.92793,7.34055,B
5.35101,6.66235,7.47685,B
5.55316,5.95483,6.79077,B
2.90197,8.68107,7.14623,B
5.21275,5.35479,7.89451,B
4.70219,7.27055,7.28278,B
5.16414,5.57389,8.90408,B
5.58721,6.67001,7.23071,B
3.7816,6.26051,7.40361,B
4.69386,7.11422,5.68034,B
4.42764,5.96713,7.00895,B
3.10536,6.16893,8.3373,B
5.14525,6.44343,7.48439,B
4.18894,7.19217,7.96962,B
4.48404,6.6002,7.26887,B
5.75549,5.59497,5.22836,B
4.4835,6.87559,7.93585,B
2.95927,9.27722,7.21432,B
4.64861,6.75061,7.81686,B
3.77281,7.29109,7.7278,B
4.13515,5.95983,8.21245,B
5.36088,7.45542,6.80704,B
5.6574,7.05653,5.97546,B
2.11054,4.28531,8.18822,B
5.13938,5.95655,7.62363,B
4.3377,6.5785,7.12503,B
4.6371,8.00325,8.30395,B
4.21313,8.78034,6.89135,B
4.38754,7.71415,8.31717,B
4.27261,8.09624,7.46822,B
5.59111,6.6309,6.02888,B
4.05736,7.29388,7.24909,B
3.3596,6.9994,6.17549,B
6.04549,5.40988,6.81484,B
5.58564,7.32283,6.07069,B
3.76846,7.04215,6.3727,B
3.60816,8.94579,7.36316,B
5.90077,7.06745,6.25117,B
3.60344,6.94923,7.55945,B
4.46932,6.00609,8.58071,B
3.78225,6.03568,7.89975,B
2.9571,6.52285,7.35259,B
5.70757,6.91399,6.43356,B
4.45742,7.7777,8.81079,B
5.44517,7.73843,5.81188,B
3.78715,4.60891,7.667,B
4.78468,7.57794,5.7226,B
4.31859,6.69771,5.58971,B
6.10371,6.41474,6.37608,B
4.90214,6.56385,8.11029,B
4.05858,7.20354,8.92658,B
3.65983,6.49475,7.43997,B
5.38402,5.69042,9.5964,B
4.02183,6.91265,6.35282,B
5.55476,6.73043,7.56433,B
3.38374,7.7326,5.81862,B
4.97561,5.98008,7.00899,B
4.68773,6.51164,9.42831,B
4.6658,4.90286,7.48813,B
4.54539,6.16915,6.08594,B
4.00298,5.90499,8.06076,B
4.40376,6.84331,8.7497,B
5.79323,5.83169,7.02689,B
5.06922,7.00811,7.93713,B
4.24908,6.49739,8.41371,B
4.39201,7.03221,7.70181,B
4.40194,7.3071,7.42738,B
4.8358,8.02583,7.8798,B
4.73532,5.73394,6.26614,B
5.19672,7.39561,7.6536,B
4.34164,7.08781,8.35755,B
4.90517,7.57641,7.79017,B
4.8682,6.79586,5.3045,B
3.62871,4.96411,5.13453,B
4.2024,5.82546,9.104,B
5.50316,4.97048,9.1467,B
2.3508,6.88946,8.53311,B
5.51922,5.76652,8.09019,B
3.3824,5.95065,6.92246,B
5.89378,6.64268,7.01649,B
5.28332,5.82431,8.78798,B
4.11963,5.52728,6.81457,B
2.58609,7.22563,7.2102,B
5.28501,7.40582,7.85445,B
3.64911,6.73856,7.76687,B
4.56601,4.01702,6.87976,B
3.86509,5.59549,5.59961,B
3.92779,6.40765,8.46319,B
5.326,7.6189,6.55292,B
3.73862,6.42586,7.77358,B
3.28067,7.72926,6.34227,B
5.49979,5.51837,7.65547,B
3.73925,8.05689,9.30853,B
4.27105,7.66019,7.18649,B
3.0039,7.14203,7.44941,B
5.02968,8.28578,5.89957,B
4.89801,5.89655,6.98492,B
4.62404,6.61107,7.49947,B
4.33257,7.67803,8.88621,B
2.79387,7.48565,9.70304,B
2.71793,7.25746,7.42225,B
4.84736,6.21489,7.17884,B
3.94159,6.49029,8.71561,B
4.92964,6.46591,8.03842,B
5.21231,6.54816,8.37097,B
5.1003,7.58446,6.95564,B
4.21091,7.76302,7.87983,B
4.89606,8.22713,7.34126,B
5.49821,7.06412,7.4687,B
4.78474,5.97646,7.04612,B
6.27161,5.78291,6.42203,B
5.29208,7.48417,7.45666,B
5.4172,5.93891,7.31975,B
4.01323,7.66866,6.09938,B
4.25804,5.60634,6.11329,B
4.13026,6.22541,8.61821,B
6.30948,5.11883,7.45146,B
3.74067,6.48442,5.96382,B
5.09858,6.56872,5.75344,B
3.61814,7.65386,7.84259,B
4.10746,6.10562,8.11655,B
5.1851,5.61067,7.5346,B
3.61054,7.03038,7.2329,B
5.28553,6.97376,8.06166,B
3.21691,5.41677,8.53085,B
4.86845,6.37669,9.48382,B
5.38439,7.32765,7.74175,B
3.70997,7.2299,6.67135,B
4.74941,5.7974,8.14897,B
5.46741,6.79991,7.4964,B
3.73272,5.12432,7.05197,B
5.52421,6.73031,6.46357,B
5.37014,6.14267,7.62399,B
3.0021,7.17092,7.42255,B
3.6453,8.12464,6.92597,B
5.33161,6.87144,6.97382,B
4.32097,7.38091,8.45304,B
3.52169,5.98,7.09896,B
5.07214,5.96732,8.50273,B
4.61332,5.14147,7.19688,B
4.59142,6.16951,7.79179,B
3.80073,5.53554,7.36741,B
6.05378,5.45895,7.0845,B
4.08602,7.17341,7.81342,B
5.20225,6.69401,7.48451,B
4.71379,5.74915,6.71474,B
2.6483,7.65882,6.21377,B
6.58903,6.37265,5.16671,B
5.00536,5.39486,7.40932,B
3.29257,6.99524,5.78979,B
4.05797,5.92135,9.52285,B
5.09565,6.77569,6.93947,B
2.35176,5.88112,8.817,B
4.33561,7.16159,8.43741,B
4.98324,7.01645,7.43426,B
3.39207,7.44646,6.95686,B
5.06021,7.44479,6.58755,B
3.79334,7.57035,6.45751,B
5.41407,6.02685,7.23477,B
4.91653,7.72756,8.4777,B
4.22199,7.35289,8.48936,B
5.06985,7.71313,7.74297,B
3.63055,5.95056,7.28785,B
5.11961,6.78373,6.41346,B
4.25276,6.7864,8.49228,B
1.6032,5.79405,7.98369,B
4.80306,7.58683,6.72282,B
5.30754,5.96475,7.01607,B
4.44838,7.80168,8.77779,B
2.8041,6.27663,6.90326,B
4.79616,5.15355,7.52827,B
5.76437,6.16291,8.22012,B
5.47291,5.11275,8.69535,B
5.32832,6.43761,9.00864,B
5.91343,5.7274,7.35514,B
3.90343,6.08312,6.65178,B
5.69371,6.7292,7.16762,B
3.92064,7.77116,6.48895,B
4.67067,4.98954,7.28083,B
3.61541,6.7564,8.12354,B
3.19801,6.79604,8.37249,B
3.84051,6.0238,7.48077,B
5.09693,6.73685,7.00576,B
5.51129,6.77699,7.76574,B
5.11142,6.64088,6.46072,B
3.89892,6.93911,7.85478,B
3.52754,7.48128,7.40349,B
4.68214,4.9662,6.57536,B
4.75822,8.33756,7.8037,B
5.10566,6.01443,7.94136,B
1.5474,5.60858,7.26713,B
4.23805,8.38318,9.03573,B
3.21359,5.2961,5.53716,B
5.37979,7.43926,7.35436,B
4.31319,5.64179,8.12067,B
4.79212,5.99253,8.01459,B
4.87574,8.87857,6.72403,B
4.57718,7.51939,7.39698,B
5.10595,7.36199,7.93523,B
5.20479,7.30898,7.45479,B
4.21655,7.15963,8.14819,B
6.7077,6.2243,5.26059,B
3.9738,7.17723,8.26892,B
3.70591,7.86479,9.52353,B
5.50936,5.29812,6.30128,B
4.31522,6.02646,8.28175,B
6.18571,4.72995,8.06583,B
5.74932,6.00258,6.98108,B
3.08467,7.22846,7.47854,B
5.21513,5.61872,7.46146,B
5.25127,5.9076,7.00709,B
2.54171,6.79297,7.93287,B
4.67542,6.11654,8.0956,B
4.9742,6.55011,8.12867,B
4.33382,7.26199,5.68937,B
5.44651,6.81452,5.78037,B
4.32738,4.61287,7.6185,B
4.88247,5.92184,8.33654,B
5.94917,6.63195,6.71508,B
3.15442,5.78547,8.72141,B
4.37977,6.8676,8.36848,B
4.32045,6.46241,6.47375,B
6.48774,5.46459,6.96693,B
3.81893,7.30513,7.70785,B
6.25301,5.08195,8.18289,B
4.48022,7.4229,7.37463,B
5.60818,5.33052,6.91782,B
5.63371,6.46211,5.17465,B
5.103,7.52299,8.15151,B
4.36435,5.6073,6.48444,B
3.39993,6.1286,5.6521,B
4.52086,7.73461,8.55029,B
4.71649,7.54389,6.39882,B
3.61483,7.12696,8.72636,B
4.24271,6.32201,8.35097,B
3.36725,5.79978,8.16672,B
3.44061,6.66928,8.61466,B
4.14337,7.85058,6.54157,B
4.60848,7.83374,6.80839,B
4.93059,5.84867,7.20989,B
5.11264,7.3512,7.30708,B
4.33776,4.82694,9.0247,B
4.57491,7.31764,7.34451,B
4.54541,8.34859,6.64455,B
3.19989,6.17762,7.04994,B
6.28817,5.40112,6.77477,B
4.75853,6.49894,7.15574,B
5.19135,6.59234,8.41024,B
4.5399,6.32982,7.00934,B
3.05885,8.55087,8.80685,B
3.55094,7.61485,8.51732,B
4.80233,5.85002,7.93867,B
4.4324,6.63495,8.18117,B
5.44585,6.12198,6.58737,B
5.22865,8.43088,5.84204,B
5.02177,7.91387,7.47818,B
5.18908,6.18543,6.99907,B
4.4795,8.43447,7.96922,B
4.52473,8.43188,5.54033,B
4.0236,5.99672,8.24686,B
4.84262,7.21525,8.6556,B
4.2292,6.13932,7.13051,B
5.18201,8.3046,6.48629,B
4.774,6.8906,8.65009,B
5.59779,6.88465,6.86879,B
3.16318,6.39628,8.10766,B
5.05951,8.07689,5.4585,B
1.90254,5.50738,6.8081,B
5.66651,5.56523,7.40348,B
4.69407,6.3684,7.54966,B
4.32595,6.97067,7.86249,B
2.06948,7.42556,7.67388,B
5.99767,5.77433,7.95595,B
4.92416,6.15756,8.80555,B
3.31193,6.26617,8.06412,B
5.30104,6.7472,7.21507,B
5.50001,6.2874,8.55744,B
5.50472,7.43126,6.12116,B
4.61271,7.08207,6.71205,B
3.07206,7.2306,4.5672,B
3.91047,5.99966,8.13736,B
2.16935,6.47978,7.38201,B
4.60875,6.4843,6.94742,B
4.46473,7.21607,8.76537,B
3.37986,6.23128,7.27816,B
2.99299,6.04391,6.67599,B
4.62993,4.76513,6.57869,B
3.96686,6.41045,6.34625,B
5.27738,6.69441,8.50042,B
3.73504,7.11848,8.31425,B
2.87569,6.78865,7.49507,B
4.32686,5.1715,6.55905,B
5.41994,6.68142,6.16835,B
4.53018,7.8427,6.90887,B
4.85684,5.94182,6.31799,B
2.16778,6.1078,6.00454,B
2.54182,5.56047,7.36923,B
5.00414,7.54068,7.83915,B
5.69042,6.20361,8.32062,B
4.3897,4.96044,8.09545,B
3.78505,8.54422,6.79433,B
4.79187,6.38723,8.19343,B
3.13081,6.58847,6.78768,B
4.70082,5.79803,6.41187,B
4.37067,6.42037,8.23379,B
4.94031,5.14928,7.44045,B
5.64945,6.50622,6.76637,B
4.50799,6.21666,7.50302,B
4.19512,9.26583,5.7102,B
4.27146,5.84171,6.68299,B
4.99043,8.05686,6.58506,B
4.91942,4.66955,6.63174,B
4.17427,5.09252,7.28627,B
5.83409,5.60547,6.91307,B
4.50244,6.78046,8.36025,B
3.36529,6.48738,7.74732,B
4.30021,6.75462,6.30713,B
5.45202,6.4162,8.32814,B
5.17417,7.00156,8.85975,B
4.4126,8.57361,6.68443,B
4.22163,6.56417,6.72002,B
4.16107,7.69709,5.80218,B
5.91094,5.16206,7.29531,B
5.11927,6.81152,6.92738,B
3.40753,6.70184,7.40137,B
3.56602,7.44653,8.12535,B
5.27488,6.94451,6.6833,B
6.04491,6.34807,7.15292,B
2.68852,5.14955,7.77876,B
4.48513,6.15008,6.59843,B
3.09442,4.91035,8.15887,B
3.64418,7.53597,8.17287,B
3.82425,7.05896,7.93753,B
4.37656,6.29976,8.34983,B
4.44227,6.75887,7.19874,B
5.44533,6.27039,8.25445,B
4.21762,6.77468,7.13223,B
4.87878,7.13666,7.23608,B
5.76369,6.28046,7.12835,B
4.276,6.36862,8.62627,B
3.68748,7.24626,8.87806,B
4.04531,5.0968,8.51145,B
4.29262,7.15643,7.98035,B
2.99508,5.7744,7.47131,B
4.96173,7.31084,7.48291,B
6.02414,5.21207,8.70799,B
3.11039,5.43913,7.42797,B
5.88376,6.08709,5.60371,B
3.60447,7.15752,7.24297,B
3.48198,6.70868,6.68123,B
4.47603,9.41766,6.96643,B
3.72677,6.68581,7.69723,B
4.50348,6.36515,8.95902,B
4.25768,8.76614,5.90269,B
4.20895,6.1982,6.07598,B
4.67593,5.96716,7.0817,B
6.34936,6.5387,5.4862,B
4.6824,7.15592,7.83507,B
4.01358,6.43957,7.81329,B
4.69311,7.8751,7.77961,B
3.92286,6.52891,7.26626,B
4.44109,6.18006,8.65559,B
5.46146,7.44022,7.14235,B
4.67299,6.78337,8.97291,B
3.63359,4.73842,8.59381,B
4.09632,5.64524,7.51651,B
4.78477,7.47873,7.11606,B
5.21399,7.03784,7.54251,B
4.79707,7.02296,8.21553,B
4.67692,5.98852,8.09547,B
3.8523,7.24498,7.78056,B
4.9155,8.14446,6.50227,B
4.56289,6.75154,6.14298,B
6.29007,6.84826,5.1756,B
6.00573,5.46414,8.46336,B
5.88111,6.05633,6.58162,B
4.54711,5.21195,7.70983,B
5.78304,7.44194,6.15293,B
5.22908,5.45395,5.65821,B
4.77711,4.65815,6.75784,B
4.4284,7.29656,7.62091,B
4.43977,7.23946,8.76332,B
4.66106,6.77335,6.10785,B
3.93843,7.70266,6.85369,B
4.74652,6.56488,7.01798,B
4.29558,5.94981,7.19867,B
3.7241,5.51728,6.3472,B
4.15097,7.2828,7.63992,B
5.40917,5.70746,8.11365,B
2.69386,7.98878,7.27248,B
4.66611,6.56782,6.92586,B
4.60756,6.28853,6.75747,B
4.86417,5.29938,9.31178,B
4.12359,3.21887,8.10893,B
4.56121,7.1613,5.6769,B
3.96387,4.53107,6.32545,B
5.39159,6.9562,8.04076,B
2.66867,5.42219,9.06761,B
5.12071,7.42343,7.94123,B
3.84738,7.44879,6.38456,B
3.72062,6.49444,7.17028,B
4.12586,6.87989,7.86126,B
4.01694,6.9937,7.06882,B
5.11667,7.25478,8.19834,B
4.2896,8.41758,8.3403,B
4.91523,5.85733,6.90976,B
5.96345,6.09482,7.23815,B
5.59366,4.58625,7.46129,B
5.91694,4.84327,7.08765,B
3.11047,7.53134,6.2449,B
3.36606,6.66913,6.21757,B
4.64626,5.6717,7.32542,B
3.11889,5.68716,8.00034,B
2.13047,7.93346,6.93244,B
4.54453,5.64996,8.29778,B
2.34426,5.85124,8.64497,B
5.33597,7.19415,7.60766,B
4.80627,5.94278,7.62183,B
4.96582,7.00381,6.74125,B
4.28649,5.79208,6.70693,B
4.40083,5.28819,7.39915,B
4.1803,5.4896,6.81116,B
5.37814,5.70564,7.25073,B
3.64243,4.89161,7.03615,B
4.57901,6.57687,9.21658,B
5.05009,7.36084,7.79898,B
5.33894,6.03367,7.56348,B
4.80288,7.38816,8.09476,B
6.24102,4.72023,7.79829,B
4.8975,7.68652,7.48416,B
3.96708,7.51889,7.42733,B
5.35501,5.57052,7.28167,B
4.9706,7.13462,8.02447,B
6.08314,4.70449,9.36698,B
5.26817,7.42915,7.29497,B
4.80226,8.01139,7.95857,B
4.09578,6.4264,9.59021,B
4.32557,9.02049,8.17994,B
4.09751,7.60966,5.8545,B
4.43525,6.33225,6.79333,B
5.92707,6.05225,7.5168,B
5.53106,6.70349,5.37184,B
3.65099,7.82276,6.66348,B
3.81001,6.00172,9.51871,B
4.62495,4.84686,8.01966,B
3.59501,6.96393,7.43415,B
4.65277,8.07978,7.10597,B
4.85082,9.30438,5.97063,B
4.35343,7.09735,9.15196,B
4.53922,7.52778,8.0612,B
5.77742,7.06891,6.6622,B
4.42205,5.32906,6.96009,B
4.94407,6.38964,6.39238,B
5.1188,6.39921,7.70307,B
5.32083,6.86009,7.74184,B
5.59774,5.13539,6.20936,B
4.76409,6.93051,7.83201,B
5.52106,6.81498,7.0826,B
3.75967,8.11892,8.62339,B
4.18067,6.22697,6.83219,B
1.93558,6.6486,8.1118,B
4.96315,5.68916,8.25919,B
5.74915,6.55832,5.4104,B
5.20074,5.59586,8.85225,B
4.35374,7.52897,8.23308,B
4.72842,7.91966,7.84225,B
4.28898,7.87783,7.84207,B
2.87523,7.28905,7.75569,B
3.86935,6.65247,8.51797,B
9.13829,8.6757,8.9477,C
8.77578,8.30287,9.36638,C
9.22472,9.65579,8.80604,C
8.57232,7.09532,7.90384,C
9.71186,9.32392,8.10439,C
9.29163,8.33411,8.4362,C
8.33848,8.51908,10.8318,C
8.11468,7.87104,7.00819,C
7.80529,6.7028,10.8374,C
7.12403,9.29875,8.56489,C
8.51731,9.71267,11.0425,C
8.07466,9.91563,8.07587,C
8.95775,9.59022,7.90462,C
8.95515,8.148,7.25317,C
9.03708,7.52414,9.87997,C
8.34301,6.02341,10.5601,C
7.54891,8.68368,8.45766,C
7.8427,8.10939,9.29939,C
9.24993,9.68955,8.39122,C
7.90228,10.5481,7.14433,C
7.11831,7.88315,10.8556,C
8.96475,8.14288,8.06138,C
10.0502,8.99078,8.35699,C
8.29583,7.88085,10.7727,C
8.67817,8.70083,6.68232,C
7.57348,8.57664,8.1314,C
7.61457,8.92507,7.59457,C
8.71584,7.43921,7.63904,C
7.87604,8.59584,8.5783,C
8.579,8.60267,9.99448,C
8.64853,9.01275,9.78338,C
8.11495,9.83584,7.26131,C
7.72766,7.89852,9.36722,C
8.5642,7.88457,8.24696,C
7.93943,7.97628,9.26976,C
9.13779,7.90986,9.92477,C
8.14914,7.37212,8.23644,C
7.49086,9.65199,7.73182,C
8.4995,8.75621,9.02336,C
8.61109,8.49017,7.67256,C
8.82363,8.9413,8.61165,C
9.58201,8.08827,8.9826,C
9.47987,8.73716,9.76111,C
8.96376,7.79955,7.93087,C
9.32929,9.58625,9.60852,C
8.5675,10.1347,7.71558,C
8.40139,8.76476,8.44683,C
9.23951,8.16327,8.54418,C
9.98622,8.19435,6.79076,C
9.12497,7.67288,8.77704,C
7.59034,9.18288,7.52017,C
7.87291,7.74537,8.53261,C
10.051,8.66834,9.76132,C
8.7658,9.05199,7.70982,C
10.3194,8.73519,8.76218,C
8.78227,7.90572,9.00049,C
7.664,8.3805,8.24524,C
9.45134,9.3366,9.14467,C
10.3067,10.7349,9.20082,C
8.04449,8.09591,9.46286,C
8.45688,7.76418,7.69244,C
7.30142,8.54949,8.32538,C
7.73996,8.42958,8.46127,C
8.97338,7.23531,7.92406,C
8.98954,7.01202,7.79027,C
7.87756,9.5478,8.44734,C
9.85756,10.3425,9.00532,C
8.13713,8.91604,7.41024,C
8.06962,9.02881,6.91788,C
9.1401,10.0958,7.08505,C
7.91534,7.74876,9.0399,C
7.6294,7.93453,9.11586,C
7.41991,8.58871,9.26356,C
7.04367,8.69663,9.56933,C
9.4471,8.57248,6.41708,C
10.0815,9.36981,8.02626,C
8.53107,7.44781,9.8373,C
8.71648,7.82726,6.13565,C
7.37786,8.76214,8.43892,C
10.3859,10.4347,7.06381,C
8.04401,7.67589,9.27377,C
8.3676,9.78238,8.32884,C
11.8947,9.39553,8.97102,C
7.26762,8.0904,10.604,C
9.85015,8.38943,8.88433,C
8.76332,9.88554,8.63307,C
7.10699,8.29945,9.41601,C
7.76098,9.87055,6.7885,C
9.18402,6.99263,11.2218,C
9.3904,8.97147,7.63259,C
7.81372,8.39672,7.59381,C
9.6194,7.10476,10.5056,C
7.6542,8.63304,9.92928,C
8.84435,8.36074,9.64978,C
8.37798,9.81264,9.88263,C
8.20679,7.01837,8.59877,C
10.3188,8.7858,9.45405,C
8.03257,9.46007,10.1618,C
9.03441,8.43026,9.48775,C
8.0192,9.47703,8.44685,C
8.83328,8.23213,8.05838,C
7.75819,8.72484,7.53467,C
8.26594,8.4459,7.72402,C
8.29752,8.64925,7.8224,C
8.42247,9.80707,8.64949,C
7.95461,7.28117,8.8101,C
7.93419,7.73433,8.92566,C
10.2803,8.00373,8.69541,C
8.37528,7.32927,8.93494,C
9.03151,7.41514,8.23863,C
9.3435,7.884,7.79384,C
7.2713,8.56799,8.88562,C
8.80387,9.0783,8.62898,C
8.01059,10.024,9.14549,C
8.3578,8.76428,8.52284,C
9.50609,8.07376,5.71705,C
10.006,11.8024,8.07587,C
8.43671,6.79134,9.46119,C
7.78378,8.62932,8.66819,C
9.58934,6.58382,9.86047,C
9.92885,8.10576,8.52966,C
9.08598,7.11017,7.8236,C
7.98895,8.98997,6.78965,C
7.41938,10.4344,9.04541,C
7.07211,8.45468,9.55844,C
9.83846,9.09154,8.73429,C
7.93099,8.00593,7.72445,C
8.05929,7.94502,8.6583,C
7.24191,11.4442,6.3791,C
8.31151,10.5884,8.32559,C
8.50315,5.94242,8.63627,C
5.71742,10.8811,10.0469,C
8.68265,9.51964,8.3258,C
7.73229,10.8307,8.47221,C
7.42169,9.04317,8.4917,C
8.15378,7.3488,9.17956,C
7.57858,7.71522,8.71124,C
8.89077,8.00291,7.45045,C
9.21109,6.61728,7.98605,C
7.43124,8.49261,8.81624,C
7.73351,7.45804,9.17841,C
8.23668,7.89564,8.41766,C
8.97816,8.86694,8.27549,C
10.2791,7.263,8.85823,C
9.66183,9.30863,6.78463,C
7.97776,8.45923,7.6298,C
8.29942,8.93943,7.94288,C
8.44443,7.97737,7.4579,C
8.19453,9.25588,8.96155,C
8.35797,9.63497,9.47137,C
7.03646,8.85257,9.03801,C
9.16672,9.58858,8.2067,C
9.62118,10.9053,6.70508,C
7.78734,6.54888,10.8069,C
9.12034,9.12525,7.09012,C
8.77082,8.21594,7.25313,C
9.17833,9.10355,8.61119,C
8.70652,9.59967,8.52478,C
10.3986,8.92571,8.12389,C
7.93967,9.03579,7.95641,C
9.03483,10.1237,7.77935,C
9.03681,8.50261,9.0046,C
9.08787,7.54467,6.28571,C
9.75247,9.58333,8.89854,C
7.9696,9.86495,10.3996,C
7.64011,9.08361,7.56117,C
8.14371,7.39901,10.2606,C
7.89018,7.21675,9.33169,C
7.63769,8.34683,8.79188,C
8.99384,8.42971,8.55086,C
9.77974,9.76824,8.94029,C
7.4845,8.34459,8.99777,C
8.71059,8.56276,9.14032,C
8.71095,9.42576,9.61301,C
8.22166,7.68676,6.90989,C
9.2777,8.51436,8.62772,C
9.41165,8.05529,7.64513,C
7.64752,8.06131,8.82193,C
8.48353,7.4102,8.93112,C
9.23973,9.22435,7.51175,C
8.51768,6.66551,7.87822,C
8.94631,7.85556,8.6694,C
8.54924,6.96683,7.46242,C
8.34105,9.07061,7.8342,C
8.49922,8.39325,9.39659,C
8.33129,8.42288,7.61892,C
8.04818,8.82734,8.45463,C
7.09438,9.10178,9.0868,C
7.87578,8.10356,8.14149,C
10.7137,10.7183,9.40713,C
9.99357,8.49456,8.65658,C
7.27355,8.93552,9.71658,C
8.72565,8.27659,10.0571,C
8.72211,8.80684,8.99246,C
8.93688,9.12377,9.72559,C
8.05203,9.61706,11.2926,C
7.74138,9.17496,7.56063,C
8.36179,7.52833,7.15546,C
7.71512,8.14192,8.32339,C
7.94394,9.92022,8.1365,C
8.08832,8.1296,9.99919,C
8.44103,7.74169,9.02353,C
7.469,8.2296,8.95986,C
9.38368,7.67016,7.43401,C
9.18439,8.78385,6.77642,C
8.99118,6.73596,7.99483,C
8.25732,9.35,8.79947,C
8.92086,7.86782,5.99174,C
7.53878,7.96639,9.41311,C
7.81763,7.61488,9.44697,C
8.00963,10.9091,9.49697,C
8.58266,7.09757,7.10304,C
7.08406,8.63835,8.90043,C
8.32741,8.04801,9.60169,C
10.2782,7.18774,10.3415,C
10.404,7.82498,8.679,C
9.95126,8.98223,7.45621,C
8.68166,9.07876,9.81396,C
8.29879,7.35296,8.36699,C
7.99912,8.45047,8.18699,C
6.83702,9.48002,9.7441,C
8.78208,8.90828,7.22804,C
8.41718,9.07813,5.95165,C
8.98825,7.79387,8.32442,C
9.76126,8.38691,8.60667,C
7.80458,8.82577,8.88045,C
7.28733,7.99903,11.6269,C
8.82399,8.16581,9.34903,C
8.08786,7.75155,8.63764,C
6.9799,8.75033,9.06956,C
10.5683,6.65115,9.18287,C
8.79456,6.96177,7.17066,C
8.78524,7.19932,9.42986,C
9.70903,8.94973,10.5765,C
7.83666,9.98825,8.89635,C
7.76032,8.89148,9.77601,C
8.79769,9.04246,7.02036,C
8.61604,7.63777,8.47397,C
8.61149,7.56245,9.63305,C
9.70588,7.76634,7.77639,C
7.48296,8.5206,9.72824,C
8.29616,6.97493,9.46105,C
8.58584,8.60357,8.65055,C
9.48766,9.41593,7.69044,C
8.70436,7.1948,10.1819,C
8.81081,8.07735,9.0119,C
9.01766,8.62086,7.27902,C
7.82339,10.6217,8.51496,C
7.77546,8.21204,8.59846,C
7.8782,8.68679,8.88918,C
7.89699,8.52859,7.53266,C
8.28066,8.77299,8.82527,C
8.43465,8.13623,7.89482,C
8.48364,7.48189,9.83664,C
8.27509,9.00184,5.96673,C
8.17418,7.30078,8.16762,C
10.0715,8.17057,7.99726,C
8.35639,7.65705,9.0227,C
8.1152,9.19294,8.87318,C
8.11745,7.7419,9.37484,C
7.07691,9.57286,10.3788,C
9.84803,6.6052,7.79936,C
9.64704,6.33209,8.72969,C
6.97987,8.49878,10.3319,C
7.38308,8.95331,8.8545,C
9.46852,7.0239,7.98963,C
7.67752,7.72909,9.14893,C
10.1152,8.33848,9.32033,C
8.67961,7.12235,8.64433,C
7.91594,7.66915,9.34704,C
8.44874,10.5119,8.83482,C
9.53848,8.28626,7.57911,C
8.73923,10.0287,8.64203,C
8.68105,8.09271,7.89786,C
8.16596,8.82242,9.72583,C
9.03833,7.2748,7.34021,C
7.73401,8.18126,9.59721,C
8.23901,8.63261,6.898,C
8.39991,8.62665,9.95743,C
6.75188,8.5611,10.2785,C
10.7686,8.88003,7.18868,C
9.25497,10.6064,8.86932,C
9.16197,9.15313,9.56384,C
8.76022,7.36753,8.9649,C
9.17196,7.57597,7.69903,C
7.40181,9.36316,7.7826,C
7.41989,8.73002,8.88941,C
7.34161,8.92208,7.5525,C
8.80381,7.32075,10.2192,C
9.65906,7.20014,10.1138,C
8.70128,8.82827,9.51259,C
9.73131,10.1778,8.85531,C
7.8122,7.99846,8.48932,C
9.70955,7.21828,8.443,C
8.8613,6.29954,8.11977,C
7.16279,9.22219,8.04175,C
9.57148,8.81935,8.63536,C
8.50089,7.11172,9.18365,C
8.59605,7.39233,8.14076,C
8.6693,8.748,7.53107,C
10.7199,7.05059,7.96051,C
8.71749,8.31336,8.84112,C
10.8982,8.57533,7.81369,C
8.71642,7.61966,7.22852,C
7.5246,9.11322,8.82148,C
7.81715,7.56272,8.6658,C
7.66564,8.03868,7.91802,C
9.00946,8.48534,7.82795,C
7.72935,7.68092,9.64442,C
7.53404,9.98037,6.87789,C
7.9191,10.0902,9.79479,C
8.64302,9.066,7.8496,C
7.77,9.59289,8.02825,C
9.5792,7.977,6.88318,C
8.11941,7.37807,7.96529,C
7.47121,8.40667,8.19807,C
8.89278,8.68576,7.12816,C
9.4569,7.50161,10.4072,C
9.48804,8.53612,7.47085,C
8.93337,8.619,9.66829,C
10.0619,8.58353,10.0899,C
9.43358,8.78468,7.9636,C
8.0295,8.72032,8.12472,C
8.46376,8.05149,8.0389,C
10.2826,9.9329,8.7893,C
8.53713,8.55527,8.98495,C
9.76862,9.79957,8.67032,C
7.46689,8.5508,9.82614,C
8.42223,8.3451,7.90002,C
8.0543,9.84037,7.5819,C
10.1199,8.71067,8.66458,C
8.96819,8.99755,8.66155,C
9.90422,9.12285,8.89724,C
9.32437,7.63291,8.76921,C
7.88637,8.11923,9.39234,C
9.41849,9.72132,9.61146,C
8.70032,8.39037,10.1817,C
7.45835,8.70688,8.93712,C
8.09389,9.94795,7.05694,C
7.99319,8.09111,6.4566,C
10.3681,6.81249,8.06545,C
8.39663,7.69761,9.18988,C
9.09936,8.85939,8.02533,C
7.16184,9.46355,8.05462,C
7.44747,9.25827,9.13166,C
8.12057,7.68805,8.1901,C
7.62953,7.79799,8.76907,C
9.39427,8.79992,8.4923,C
7.6323,11.0864,10.2547,C
8.60138,9.41278,8.54414,C
8.98381,8.43258,9.51426,C
8.18016,7.86144,8.99324,C
8.47333,7.36182,8.47105,C
8.40111,7.62324,8.09206,C
8.39837,8.95825,7.89044,C
9.9125,10.0211,8.97202,C
7.30373,9.43672,8.46876,C
7.9753,10.3445,7.57007,C
7.76439,7.94028,8.16421,C
8.29993,9.39977,8.1578,C
8.49806,6.75571,8.92049,C
7.52138,9.27058,9.68212,C
8.54872,8.80499,9.07303,C
8.85833,7.21727,6.16937,C
9.26176,8.88509,9.78755,C
7.96327,7.09449,9.82136,C
8.87454,10.9362,8.47422,C
9.96747,6.31955,8.91499,C
8.30546,8.39198,7.94795,C
10.0126,8.58195,8.84857,C
9.90656,8.19802,7.82808,C
7.59721,9.28162,9.23842,C
7.6755,8.05317,9.45401,C
8.73698,9.44909,7.84431,C
7.6577,7.46428,9.34034,C
8.06444,7.28613,8.73573,C
8.58193,6.81222,6.79233,C
9.15424,10.6817,8.50888,C
9.5371,8.0845,9.38789,C
9.60152,8.65184,7.41669,C
9.36185,6.21262,6.66642,C
8.07901,8.72955,7.29673,C
8.83697,9.52172,9.78279,C
9.4642,9.61887,6.68137,C
9.52741,11.5506,7.45339,C
9.45309,8.46928,9.13382,C
9.04431,7.034,7.53065,C
9.89288,7.87872,8.15731,C
9.54011,8.80629,7.08044,C
7.55791,8.39851,9.82121,C
9.08292,8.36262,7.76126,C
7.93274,9.37661,10.3719,C
8.7997,8.46543,8.49084,C
9.9587,9.5312,7.16302,C
8.10841,7.66365,8.54283,C
7.98841,7.49141,8.14957,C
8.53688,9.321,9.56687,C
9.00003,9.38382,8.11984,C
7.33204,9.33056,7.36225,C
9.17663,8.53887,7.45388,C
9.82274,7.99476,10.3528,C
7.96882,7.85486,7.4833,C
8.72396,8.41898,6.25745,C
8.97175,10.1636,7.12208,C
9.22189,8.04236,8.54965,C
8.18264,8.82791,7.89485,C
7.5345,8.29115,10.8359,C
7.37061,8.14351,9.89284,C
9.03768,7.44229,10.2169,C
7.50927,7.27783,11.0502,C
9.32878,7.34153,8.60744,C
8.94694,7.49029,8.06772,C
7.87427,6.90363,9.30193,C
10.0073,9.09347,8.6382,C
6.52908,10.0105,9.18522,C
9.05487,8.6597,8.53329,C
8.24188,7.12772,10.0601,C
8.91853,6.25532,10.9305,C
9.76082,9.3376,8.64016,C
9.51986,8.47089,7.73325,C
8.04795,7.5491,7.46909,C
7.46859,7.58158,9.43795,C
9.42447,7.74033,8.20098,C
9.02454,9.23414,7.3707,C
7.20877,9.86912,7.34954,C
8.76334,8.8262,7.35602,C
7.84761,8.42973,7.34881,C
8.06391,7.23368,9.08769,C
7.93716,7.79436,7.31919,C
8.94886,9.31012,8.83988,C
7.84148,9.25514,7.73309,C
8.31119,8.60562,10.2834,C
7.42756,8.80587,7.53475,C
7.27058,9.22301,7.07695,C
8.40558,8.06151,9.70811,C
9.00609,8.30483,8.85637,C
8.4519,7.05665,6.72147,C
8.63376,9.04504,9.21546,C
9.44288,8.35149,8.53284,C
8.59752,9.83658,9.48936,C
7.58207,7.73926,8.68409,C
7.35514,8.71917,7.99741,C
9.22837,8.15796,8.44612,C
10.0597,9.58272,7.1654,C
7.64481,8.69793,9.35972,C
8.7716,7.14021,9.39135,C
7.44652,9.68698,8.18649,C
7.33921,8.91404,7.99477,C
7.8616,7.5171,9.48017,C
7.36529,8.13171,8.78777,C
7.69654,8.60999,8.58909,C
11.4084,7.06074,8.07275,C
8.25581,7.39097,8.40042,C
10.4103,6.39565,6.41919,C
10.3861,10.2383,9.37424,C
7.54399,8.03354,8.46915,C
9.19296,7.62737,8.22068,C
8.60667,9.74424,8.38759,C
9.02974,5.91708,7.35741,C
9.1621,7.10724,6.58982,C
7.81928,7.57681,9.02053,C
9.5073,8.108,8.3939,C
7.81104,8.46351,11.3586,C
7.4587,9.35213,8.72794,C
8.86625,10.1611,7.29496,C
7.95023,8.0973,7.05272,C
8.19122,8.57766,10.0354,C
7.4401,8.51285,8.43867,C
8.33623,7.98673,7.28386,C
9.29802,8.08932,7.79811,C
7.5619,8.19971,9.39433,C
9.96162,8.95878,7.77299,C
9.34069,8.71236,7.35366,C
8.928,8.18767,8.02391,C
7.13529,8.81753,9.70953,C
7.6498,8.30195,9.55106,C
7.69003,10.723,9.02554,C
9.2875,7.90546,8.74249,C
7.80823,8.34758,7.96845,C
8.78556,9.79419,8.68781,C
9.00957,8.99996,7.47116,C
9.83601,8.23603,10.0814,C
7.96921,7.83217,7.76343,C
6.59664,10.2934,10.3313,C
9.39615,9.35096,8.99517,C
8.21635,8.8456,10.2026,C
9.74002,8.12304,8.32819,C
8.6036,9.5096,7.93067,C
7.82776,9.05475,6.26448,C
7.75656,9.6929,8.56814,C
9.48897,8.42137,8.63446,C
9.62664,7.96001,7.8299,C
8.59328,9.27047,8.19576,C
8.66667,8.27642,8.13534,C
9.93055,8.63517,8.87715,C
7.56548,8.91145,8.1456,C
8.31154,9.30137,8.80319,C
7.80047,9.06032,9.55401,C
9.13393,8.45053,8.80436,C
8.20534,8.4335,9.65528,C
7.65967,7.78095,9.54735,C
7.88403,8.67227,9.20185,C
8.55328,7.78095,7.11697,C
10.1248,9.44046,10.5675,C
8.16278,7.16873,9.41154,C
8.37795,8.27918,9.41342,C
7.37216,8.45862,8.28192,C
7.57695,10.5273,8.97231,C
11.0611,8.31194,7.11065,C
7.21567,10.0418,10.2652,C
8.48779,7.38883,6.34213,C
10.05,6.77554,8.76481,C
7.7168,9.28079,9.32717,C
7.92396,6.92004,9.04819,C
7.69349,7.73756,8.94745,C
10.5459,8.40964,9.03414,C
7.44731,9.05951,9.18949,C
8.62019,8.84992,6.97745,C
8.03174,7.14114,8.58186,C
8.48955,9.3622,8.4125,C
7.48564,8.58864,10.161,C
9.9333,9.25645,7.93614,C
9.80588,6.61969,7.51593,C
9.67665,9.6902,7.03187,C
8.36139,8.51726,8.52699,C
7.25542,8.30817,9.47889,C
7.8914,7.51367,8.90991,C
7.83283,8.8305,9.55016,C
9.25973,6.33672,5.57429,C
7.60228,9.35692,8.46538,C
10.2688,7.81253,7.47445,C
9.35463,9.04403,8.5878,C
8.10371,9.09459,9.85378,C
9.25115,9.22078,9.69756,C
7.17454,9.37242,8.60974,C
7.63161,10.3981,8.90479,C
7.96357,8.30622,7.94492,C
8.62115,8.24819,9.19065,C
9.15479,8.29719,7.81576,C
7.09982,8.07562,10.35,C
9.93479,7.60208,10.239,C
10.0798,9.12333,6.6779,C
8.13413,8.98432,9.68046,C
8.92577,8.85183,8.79251,C
8.76369,9.93191,10.0682,C
8.58492,7.62484,8.34753,C
7.30999,9.29336,8.63967,C
8.18732,9.20225,7.98815,C
9.66113,8.07866,7.05066,C
8.71185,5.95856,8.19714,C
8.98931,8.08185,7.55147,C
6.76933,8.25301,10.8597,C
7.94106,8.70861,9.19312,C
7.70686,8.60325,9.98174,C
7.81692,8.80225,9.942,C
7.90544,9.31023,9.69596,C
9.1995,8.41062,8.51929,C
7.31142,8.67088,8.53641,C
10.0017,8.99488,10.865,C
7.74359,9.16138,7.5587,C
8.30712,7.37509,9.12556,C
8.22962,9.97113,7.30927,C
9.72482,9.68126,7.76021,C
11.1904,6.54658,8.56989,C
9.06295,8.57416,9.39038,C
7.22746,9.78522,9.38265,C
7.25862,8.06346,9.26447,C
7.93733,7.43877,8.06823,C
7.16297,8.78279,8.75865,C
8.27842,7.42975,9.43211,C
9.06606,9.193,6.91124,C
8.74296,8.04307,8.50983,C
8.15543,7.83946,8.24873,C
6.78786,10.07,10.7012,C
7.11852,9.2201,8.8121,C
7.97325,8.65849,8.60885,C
8.32516,7.83109,6.65244,C
9.59193,8.4444,8.69177,C
8.47696,8.66842,7.50213,C
8.1756,7.82225,6.70417,C
8.45157,10.5018,8.37901,C
8.3215,6.42068,8.59324,C
9.03272,8.03316,9.52448,C
7.46961,10.4176,9.34172,C
8.03059,9.34583,7.86433,C
9.69543,6.94523,8.2319,C
7.94128,8.68366,7.84454,C
7.46808,8.39094,8.78749,C
9.64974,8.89356,11.0646,C
7.5327,8.70758,8.4138,C
7.8849,10.1383,10.6623,C
7.54713,8.47287,7.98396,C
8.71158,9.11054,9.14201,C
7.09301,8.92501,8.97456,C
10.2535,8.19579,7.2108,C
8.61194,8.39881,8.78528,C
9.23868,6.79875,8.41909,C
8.53438,8.7815,9.07514,C
7.84067,9.65192,7.78263,C
8.77383,9.59562,6.19557,C
8.75473,9.24041,7.66456,C
9.10812,8.76498,8.20816,C
9.28888,8.59652,8.28949,C
7.98095,8.58845,7.08823,C
9.87059,6.48964,9.02848,C
9.60891,9.48517,8.36097,C
8.26231,6.87642,7.68992,C
8.47057,7.61276,9.25292,C
8.59224,7.82784,6.88337,C
8.7076,9.55615,8.31137,C
7.91967,8.24491,8.80825,C
10.2809,10.4032,8.18405,C
8.39185,9.62694,10.2573,C
8.57429,8.36567,10.7288,C
7.84007,7.24279,9.13499,C
7.3041,8.26164,9.8633,C
9.79521,5.94827,9.23604,C
8.31317,6.9028,8.58601,C
7.76753,8.64186,10.0359,C
9.01214,7.85971,9.1511,C
7.66637,8.01066,8.48229,C
8.40475,8.9242,9.03675,C
9.20772,9.90658,7.82972,C
7.59955,9.37853,7.82862,C
8.81981,8.5458,8.62264,C
8.75986,7.5171,8.55459,C
8.24681,7.4937,8.12644,C
9.31668,7.25829,7.71477,C
7.21436,9.91703,7.77649,C
8.41251,8.59094,6.41446,C
9.32712,9.43449,9.07869,C
8.39658,10.2087,7.47584,C
7.68088,8.36038,7.41444,C
7.9571,7.71744,8.02872,C
9.02178,8.21029,7.68842,C
8.68825,6.66969,9.4182,C
7.91368,7.26496,8.64296,C
8.10264,8.23372,7.79744,C
7.97216,8.42049,8.88169,C
9.50502,9.35153,8.42972,C
8.14346,11.0672,9.69501,C
7.77353,8.81944,10.1581,C
7.64463,7.70519,8.6025,C
8.55515,8.31567,9.91473,C
8.35858,7.52879,7.51167,C
9.08984,6.857,9.55006,C
8.9312,7.68652,6.83782,C
8.50458,7.38051,10.0396,C
7.89399,10.1296,7.73606,C
7.0952,9.05853,8.23787,C
8.22014,7.76575,8.74416,C
8.83746,7.95298,8.77457,C
10.4911,8.42403,8.10509,C
8.20848,8.61898,7.7492,C
7.88684,7.8401,9.22918,C
9.70877,9.14334,6.14487,C
11.0912,10.5766,8.15667,C
8.07612,8.68516,8.52722,C
8.34754,8.04662,6.87474,C
7.92215,7.79367,10.013,C
8.43171,6.51722,8.36204,C
8.51096,9.03023,7.65168,C
8.8099,10.1901,8.59775,C
9.56355,7.99294,9.09101,C
8.11447,9.33617,9.20584,C
7.25901,9.2842,7.63313,C
8.00449,7.80783,8.44371,C
10.4159,9.37691,7.93994,C
8.32472,8.51451,8.90709,C
7.26843,9.39585,8.27598,C
8.11656,8.15886,8.99124,C
8.57295,6.82923,8.27715,C
8.62292,8.87976,8.79822,C
9.4489,9.64273,8.57736,C
9.37483,7.87514,9.48782,C
6.623,9.77104,8.79697,C
9.32547,7.45916,7.87357,C
8.53481,7.93835,8.09616,C
9.09625,9.44203,9.05192,C
7.9709,7.68679,9.28148,C
10.5542,9.0652,8.9475,C
9.39989,8.71817,8.66166,C
9.15371,9.23905,9.00046,C
8.68521,9.4342,9.07472,C
8.06587,7.1778,8.74169,C
9.44018,8.31227,7.06977,C
8.2755,8.11126,9.37137,C
8.88135,8.32735,8.0911,C
11.2773,9.59465,8.21192,C
9.10039,7.41806,9.7705,C
7.97123,7.98304,8.85654,C
8.60484,7.51707,8.64797,C
10.3145,8.99084,8.05099,C
8.65493,7.88896,8.12642,C
9.73756,8.45113,9.58149,C
7.44112,8.42815,8.9876,C
7.71206,7.74002,9.84263,C
9.48126,8.42765,8.05355,C
7.52036,9.74935,8.82512,C
9.55027,8.78771,9.28522,C
9.23649,7.18447,9.6436,C
8.14811,7.58278,6.92175,C
7.45774,9.53578,9.26486,C
8.11231,7.61298,9.14418,C
8.07521,8.59009,9.93773,C
7.91364,8.22373,9.67616,C
9.19932,7.05089,7.67044,C
7.29445,9.56358,8.30376,C
7.49067,8.60223,8.68891,C
9.69567,7.17453,8.06516,C
8.9203,8.2734,9.06161,C
7.29481,9.24236,9.1711,C
8.46151,8.13156,9.39039,C
8.97129,6.77384,8.2627,C
9.21628,7.89367,8.1557,C
9.28501,7.63014,9.73684,C
9.58754,9.3724,6.27296,C
8.90816,6.97921,9.0213,C
7.42014,8.59558,7.66296,C
8.78004,7.02695,6.86614,C
8.81189,7.3614,9.11303,C
8.36134,9.11977,9.56093,C
9.93098,8.84597,8.83675,C
8.5946,8.03983,7.60036,C
9.75212,7.97135,8.7219,C
6.95467,8.95827,9.22246,C
8.07897,7.57185,8.70784,C
10.9886,8.37354,9.25884,C
8.60273,8.70737,9.30774,C
6.98325,8.96461,8.89635,C
8.0319,7.46314,7.46358,C
7.65661,10.3612,7.43485,C
9.30643,9.21614,9.16475,C
9.11349,8.10745,8.00069,C
8.36648,8.04782,8.8775,C
9.94725,6.7973,9.07165,C
8.32563,7.86969,8.36309,C
9.43687,9.16804,9.61983,C
8.34628,6.48194,8.64809,C
6.97263,9.33107,8.1178,C
8.6562,7.45232,7.8346,C
8.15801,8.83782,10.145,C
7.71858,7.93856,8.80914,C
9.19084,8.64886,9.32138,C
8.54391,8.68863,9.21246,C
8.25098,6.66054,9.60537,C
8.53854,7.80341,9.19986,C
7.6624,8.1567,7.72935,C
8.61026,10.3763,8.09225,C
7.86733,8.38193,8.14775,C
9.55461,7.49832,8.72547,C
7.81548,8.6236,10.6328,C
8.86119,8.94698,7.74281,C
7.73053,9.35248,7.64508,C
7.80312,8.92201,7.66564,C
9.82997,9.02961,8.74046,C
7.44522,9.14277,8.11945,C
8.96678,9.90276,7.88798,C
8.89274,8.97235,10.7517,C
7.07412,8.75228,9.26266,C
8.44858,8.23855,9.22815,C
8.01679,7.90707,8.6645,C
7.83332,6.84427,10.0434,C
7.82988,7.19485,9.11071,C
9.03697,10.329,8.14123,C
10.3405,8.34667,9.75285,C
8.28784,8.41411,8.43334,C
7.74838,9.43432,7.56513,C
10.5692,7.43645,7.46328,C
7.09514,8.76729,8.6216,C
8.85269,6.52781,6.43319,C
7.72712,9.61945,8.2454,C
8.21821,8.63002,7.77167,C
8.72652,6.72297,7.99211,C
11.13,7.98451,7.15244,C
8.08771,7.09108,9.91087,C
7.44422,8.69699,10.1278,C
9.44036,8.34248,9.16711,C
7.33252,9.61911,7.9877,C
8.59394,9.30192,6.87957,C
9.1555,9.27758,9.50204,C
7.69787,10.2419,8.7666,C
7.79528,8.8609,8.65343,C
8.12403,8.77522,10.4014,C
7.36026,9.83382,9.45919,C
8.16821,7.93016,8.10942,C
9.29857,7.1791,9.52176,C
9.12241,8.37178,8.57557,C
10.3584,7.84303,7.56116,C
8.00624,7.83837,7.66063,C
7.18524,10.1631,8.14236,C
7.75605,7.64779,8.61303,C
8.26752,9.88762,8.05766,C
7.6745,8.20537,8.66599,C
10.0369,7.36186,6.92657,C
8.43498,8.57366,9.12097,C
9.79522,10.1909,10.3437,C
7.46946,10.4095,8.37717,C
8.09069,8.76613,8.25572,C
8.19717,8.03776,8.32589,C
8.04016,8.41445,8.23173,C
7.87353,8.52821,10.356,C
9.4665,10.3337,9.01823,C
8.70218,8.21819,8.71528,C
9.4311,7.72041,8.4446,C
9.34977,9.74795,10.7789,C
7.90133,7.91357,8.39257,C
7.07936,12.5645,8.59346,C
10.109,10.019,8.76703,C
8.8951,8.00254,8.09196,C
7.72443,7.44834,9.22574,C
8.86423,7.45443,7.72912,C
9.58766,9.63877,8.28593,C
8.41155,8.75749,9.14087,C
8.15737,7.43755,8.43611,C
7.03122,8.91288,9.38141,C
9.4076,7.60303,9.52352,C
9.55549,9.81545,8.48676,C
8.42918,7.3838,8.51744,C
8.18059,8.1083,9.05762,C
9.26773,8.44409,7.85419,C
9.58205,9.56615,7.72163,C
8.30053,9.39912,7.25134,C
8.75859,7.29604,8.29993,C
10.0134,7.56713,8.51581,C
9.41732,7.18423,8.15837,C
10.153,9.64966,7.62892,C
8.31284,8.17604,8.67344,C
7.23977,8.59009,8.78324,C
9.14522,6.8987,8.34466,C
8.56625,9.22665,7.23199,C
10.3521,8.05288,9.18519,C
7.09199,9.3012,8.1071,C
9.18881,8.91449,6.27348,C
9.60326,9.03323,8.2249,C
7.47635,8.62182,8.61601,C
8.43806,7.30438,8.83743,C
8.69226,7.60309,6.99692,C
9.13335,9.51666,9.13101,C
8.83494,8.29298,8.31856,C
6.86137,10.4584,9.17983,C
8.81001,8.15152,6.40273,C
7.82194,9.48131,8.62536,C
9.93098,7.04129,6.44803,C
7.33819,9.53524,7.84239,C
7.83985,8.34459,8.85307,C
8.37199,7.59803,8.78269,C
8.75857,9.83488,8.37204,C
9.62909,8.16261,8.68832,C
7.15582,8.74534,8.89673,C
7.46602,8.12179,9.05462,C
8.20132,8.49123,7.68301,C
8.91629,8.61379,7.66795,C
7.87729,7.81697,9.66871,C
8.32513,9.62691,5.62426,C
8.76043,8.56242,8.27634,C
7.83549,8.13353,9.65406,C
8.35137,9.57541,10.8052,C
8.73263,10.4871,9.383,C
8.03257,8.30943,6.9754,C
9.16501,10.3667,8.40182,C
7.9336,9.58391,7.6762,C
7.38698,8.33331,8.67904,C
9.21268,8.64459,7.41153,C
7.45455,9.14879,7.952,C
7.57836,8.97434,7.91972,C
8.2997,9.35304,9.80248,C
8.52519,9.72634,7.72847,C
9.81214,8.65384,7.76031,C
8.33353,7.41667,8.46914,C
8.41885,11.2116,7.85407,C
8.4338,7.96439,7.85936,C
8.36554,8.76233,8.30569,C
8.58134,7.19339,7.61278,C
8.8229,7.33605,9.13842,C
7.48628,9.26495,8.5477,C
8.57098,8.42598,8.28461,C
9.33479,7.21209,8.51411,C
8.59211,7.59797,8.70363,C
8.55422,8.9408,9.00308,C
10.0306,8.22296,9.65749,C
8.04092,9.53183,10.3541,C
7.31056,9.5848,7.26948,C
7.48194,8.05772,8.91402,C
7.66049,9.09558,8.17153,C
7.99181,8.31982,10.9164,C
9.0008,7.62454,9.6786,C
8.63906,11.1453,9.09677,C
8.27637,8.94284,7.40184,C
10.3716,7.89796,10.6051,C
8.09458,7.14628,9.3575,C
9.85636,10.3164,8.05745,C
8.48022,9.53147,9.48568,C
8.06634,6.66132,8.8546,C
7.70881,8.99645,7.83923,C
10.1991,7.55118,7.54875,C
9.2981,8.59062,7.42363,C
8.81588,7.5009,6.84474,C
7.88892,7.57841,9.02591,C
8.31118,9.47089,9.18858,C
7.99193,8.84018,8.74245,C
8.64567,6.24418,9.48051,C
8.67571,8.08235,7.48028,C
9.56968,9.0946,8.03475,C
7.63795,9.26547,9.11914,C
7.26514,9.16524,7.49099,C
7.34477,8.3445,9.63975,C
9.27655,8.41638,7.2371,C
7.92158,8.44905,8.20907,C
8.41854,8.16184,8.22249,C
9.35799,7.50751,9.36411,C
8.07839,8.9636,8.52134,C
9.62475,7.29873,9.50749,C
9.07727,10.2264,8.31583,C
9.84923,8.65128,8.47065,C
7.92925,8.28965,8.56304,C
8.07614,7.67644,8.80545,C
8.13079,7.4957,8.3775,C
7.83033,8.14808,8.82012,C
7.5886,8.25632,9.63985,C
8.73789,8.37225,7.55533,C
9.07854,9.13923,8.00776,C
8.59846,8.75281,8.86239,C
7.52702,8.28618,9.77765,C
8.0109,9.11796,8.73947,C
7.84583,7.67255,8.64257,C
7.57753,8.26209,9.07287,C
8.95378,8.57667,9.37417,C
8.62849,7.97399,8.4529,C
7.45538,8.3302,10.3686,C
8.51804,8.74145,9.36995,C
8.75544,7.82639,7.26613,C
7.59623,8.19895,8.07716,C
8.55554,8.25458,9.19599,C
10.5273,7.78979,8.52551,C
7.52595,9.83062,6.60651,C
9.12579,8.56236,9.70548,C
6.87639,9.56835,9.21967,C
8.586,6.6515,7.29789,C
9.32248,8.45527,8.52518,C
8.27249,9.06962,9.10541,C
8.80657,6.6604,8.09994,C
8.40628,7.17208,9.87637,C
7.98151,9.14438,8.90604,C
10.3144,9.39813,9.44104,C
8.12923,7.81667,7.802,C
7.70739,9.03251,7.56751,C
9.22071,10.2513,8.48609,C
8.21177,8.19887,8.52908,C
9.04608,7.15369,7.37603,C
8.52706,8.08461,7.56213,C
7.47712,8.67506,8.38937,C
8.00869,7.72716,7.223,C
7.52543,10.0085,9.04929,C
7.93281,9.4292,9.16653,C
7.3397,9.19957,7.88569,C
7.3534,8.06987,9.59638,C
7.18258,9.38475,9.37308,C
8.60805,9.42959,7.83138,C
7.81682,8.35946,8.50243,C
9.9855,8.35859,8.93216,C
9.64999,7.12298,8.33921,C
8.12781,8.28901,7.85389,C
9.57702,8.6259,9.10676,C
8.08358,7.68492,9.11976,C
7.373,8.15827,8.81004,C
9.44344,7.28296,9.7183,C
9.39912,9.08224,6.44232,C
8.42991,9.05851,9.38695,C
8.68329,7.31412,7.91142,C
7.53885,9.43149,9.30507,C
8.2457,8.37259,7.54841,C
10.0161,8.97605,9.51673,C
8.46648,7.90463,9.31742,C
7.94112,8.13563,9.7317,C
8.18117,8.6373,7.35455,C
10.8814,7.6145,8.34435,C
9.47283,9.19355,8.55967,C
7.62078,8.79755,9.98951,C
8.7629,7.45403,8.13195,C
7.75225,8.35607,7.95388,C
7.25085,8.8011,8.39508,C
7.33511,8.90705,9.12518,C
9.97432,9.79481,7.99675,C
7.63909,9.25797,8.78071,C
8.67256,9.86521,6.67724,C
8.86584,6.35353,6.90297,C
7.44883,8.39552,10.0442,C
8.67791,10.2299,7.99516,C
9.12922,7.87654,6.40736,C
8.76037,9.90982,7.40019,C
8.48381,10.0825,6.5196,C
8.1615,8.29153,7.00559,C
8.56822,8.51116,8.57762,C
8.30805,8.2635,6.07422,C
9.48706,8.19928,8.46257,C
8.43827,8.3965,7.89035,C
7.91678,9.25794,9.03268,C
8.36125,7.44921,7.1815,C
9.01352,8.89729,10.77,C
8.52161,7.1871,7.68115,C
8.26868,8.19413,9.19289,C
8.87054,8.90619,8.97998,C
9.4343,7.05663,9.36344,C
6.89326,8.80419,9.3204,C
8.12985,9.6994,10.3255,C
8.78194,8.43653,8.81544,C
9.07536,8.11586,10.2266,C
7.78207,8.10606,8.2885,C
8.64175,9.33373,8.36056,C
9.67772,10.7834,8.19131,C
7.94647,7.69231,9.16835,C
7.3011,8.67137,8.2956,C
9.52031,9.56291,7.71646,C
8.02845,8.13615,10.3272,C
7.89298,9.80435,9.42697,C
8.88237,8.11753,8.14575,C
7.95227,10.3505,9.27439,C
8.13614,8.16735,8.5569,C
7.397,8.91753,8.66404,C
7.11291,9.61738,7.89612,C
8.04351,8.1169,6.94253,C
8.03076,9.23813,9.17341,C
8.22914,6.77715,8.04522,C
8.03299,7.97927,8.30726,C
8.48447,8.50263,6.03534,C
9.05042,7.52998,9.26074,C
11.9091,8.86015,8.03944,C
8.2891,8.53202,7.46109,C
9.61789,6.84661,8.43653,C
8.80435,9.19918,9.40817,C
8.0283,8.77248,7.19715,C
9.1373,10.3181,8.86219,C
8.79327,9.32491,7.95095,C
8.06707,8.21056,8.27238,C
8.07503,9.93053,7.99158,C
8.20511,8.01986,10.4324,C
8.71831,6.56745,8.4139,C
6.93421,9.31597,9.74215,C
7.71941,8.53558,8.86114,C
7.4151,8.12112,9.04976,C
7.73408,7.92449,7.68812,C
6.69642,11.2986,7.7193,C
7.30725,8.14223,9.2784,C
8.74391,8.41273,8.31587,C
8.95671,9.19199,8.32699,C
8.23519,7.36657,9.68327,C
8.04176,7.63573,8.26377,C
9.3799,9.12506,7.64567,C
10.2851,10.2065,8.53005,C
8.58865,8.13446,9.39526,C
9.74087,8.72677,6.32706,C
8.36751,7.27131,8.20717,C
7.19121,10.3177,10.1265,C
8.23913,7.13283,7.99888,C
9.91017,9.67197,7.08975,C
9.80513,7.30334,7.18925,C
9.33687,7.22224,7.52235,C
8.4382,7.53158,8.06376,C
10.1779,8.27308,7.94209,C
7.85157,7.68516,7.71117,C
8.08508,8.99116,9.1523,C
8.2708,7.94626,8.73022,C
9.52538,9.05457,7.14784,C
7.4132,9.17151,9.02271,C
9.58585,8.32648,7.53693,C
8.75195,8.62323,9.8041,C
9.06977,8.84131,6.86657,C
8.57576,8.8209,9.94756,C
8.96239,8.82162,9.57164,C
8.12358,8.90961,6.46546,C
7.17936,9.38948,8.56232,C
7.52137,8.4144,9.79721,C
7.91575,8.50487,7.885,C
9.5929,7.46764,10.2252,C
8.18408,10.2841,7.57889,C
9.19086,8.67817,7.79398,C
10.9584,10.6918,7.94374,C
9.86901,7.86754,8.57498,C
7.96325,8.63462,6.86177,C
8.31033,8.21776,7.84585,C
7.97798,7.761,8.77828,C
9.17385,7.58892,9.56986,C
8.91682,9.56336,7.53616,C
7.86343,9.89616,9.70019,C
8.98974,8.30753,6.66858,C
7.65633,7.4166,9.64424,C
8.00642,9.9199,9.54581,C
9.27275,8.08292,8.6465,C
8.21204,8.2991,8.04997,C
8.64081,8.04595,8.47196,C
9.82203,9.04495,6.83189,C
8.2467,8.3205,8.8786,C
9.28444,8.25349,7.88055,C
8.72749,7.2082,8.82443,C
8.60064,8.44905,7.63841,C
9.85712,8.37224,9.63776,C
8.8091,9.95016,7.33607,C
7.61491,8.23306,7.53179,C
7.3215,9.22424,9.12302,C
7.74105,9.30452,8.93492,C
7.73617,11.3202,10.3326,C
8.78627,8.06054,6.33749,C
7.69619,7.87732,8.37555,C
9.25643,9.73137,6.84116,C
8.44565,7.23363,7.62099,C
9.59483,8.80632,10.1484,C
7.61439,7.58684,9.20427,C
7.95511,7.77359,8.8022,C
9.87407,7.4263,8.65342,C
9.41938,9.15007,7.08435,C
8.80983,7.31838,7.95724,C
9.21774,9.01536,10.421,C
8.08257,7.2802,8.39169,C
10.7423,10.1189,8.69558,C
6.41757,10.238,8.49276,C
7.82616,10.0788,8.15432,C
8.52233,7.75157,8.68807,C
8.9703,8.11681,5.70411,C
7.59987,8.79147,7.05101,C
7.54221,8.63781,8.70818,C
10.5533,8.26345,7.07611,C
8.50826,7.6203,9.77552,C
7.67939,8.82063,7.17194,C
10.1993,8.71552,7.55862,C
7.5825,8.8491,9.0842,C
8.9366,8.11596,10.0638,C
8.00506,9.26865,10.3024,C
9.85073,9.2317,7.24264,C
9.14634,9.73944,8.60976,C
7.2836,8.88916,8.5741,C
7.53927,8.97748,8.94271,C
7.20362,8.94051,7.89109,C
8.58333,7.93239,9.6452,C
8.00983,7.31357,9.6292,C
9.91952,8.8166,9.36064,C
7.71119,7.9149,8.03726,C
7.63775,8.38096,9.10604,C
7.62445,8.48945,8.69787,C
9.90458,8.3022,8.60585,C
7.85994,7.44597,9.63121,C
9.69749,7.3418,8.53872,C
8.43755,9.36144,10.2447,C
9.43434,8.86874,9.49323,C
8.48144,7.98447,8.16488,C
7.96629,8.26134,8.33146,C
8.16419,7.66866,8.51301,C
8.0869,7.05593,8.74809,C
8.50111,8.02484,8.43858,C
8.94289,9.02123,8.56175,C
9.48883,8.71377,7.63033,C
8.46818,7.51121,6.28437,C
